,precision,recall,f1-score,support
Crafts,0.5,0.75,0.6,8.0
Games,0.6666666666666666,0.5,0.5714285714285714,8.0
Toys,0.625,0.625,0.625,8.0
Tricks and Pranks,0.5,0.375,0.42857142857142855,8.0
Woodworking,0.5,0.5,0.5,8.0
accuracy,0.55,0.55,0.55,0.55
macro avg,0.5583333333333333,0.55,0.5449999999999999,40.0
weighted avg,0.5583333333333333,0.55,0.5449999999999999,40.0
