video_id,category_1,category_2,rank,task_id,video_path,download_status,feature_path,feature_exists,label
Cra_1,Hobbies and Crafts,Crafts,1,1,/videos/Cra_1.mp4,success,/features/Cra_1.npy,True,0
Cra_2,Hobbies and Crafts,Crafts,2,2,/videos/Cra_2.mp4,success,/features/Cra_2.npy,True,0
Cra_3,Hobbies and Crafts,Crafts,3,3,/videos/Cra_3.mp4,success,/features/Cra_3.npy,True,0
Cra_4,Hobbies and Crafts,Crafts,4,4,/videos/Cra_4.mp4,success,/features/Cra_4.npy,True,0
Cra_5,Hobbies and Crafts,Crafts,5,5,/videos/Cra_5.mp4,success,/features/Cra_5.npy,True,0
Cra_6,Hobbies and Crafts,Crafts,6,6,/videos/Cra_6.mp4,success,/features/Cra_6.npy,True,0
Cra_7,Hobbies and Crafts,Crafts,7,7,/videos/Cra_7.mp4,success,/features/Cra_7.npy,True,0
Cra_8,Hobbies and Crafts,Crafts,8,8,/videos/Cra_8.mp4,success,/features/Cra_8.npy,True,0
Cra_9,Hobbies and Crafts,Crafts,9,9,/videos/Cra_9.mp4,success,/features/Cra_9.npy,True,0
Cra_10,Hobbies and Crafts,Crafts,10,10,/videos/Cra_10.mp4,success,/features/Cra_10.npy,True,0
Cra_11,Hobbies and Crafts,Crafts,11,1,/videos/Cra_11.mp4,success,/features/Cra_11.npy,True,0
Cra_12,Hobbies and Crafts,Crafts,12,2,/videos/Cra_12.mp4,success,/features/Cra_12.npy,True,0
Cra_13,Hobbies and Crafts,Crafts,13,3,/videos/Cra_13.mp4,success,/features/Cra_13.npy,True,0
Cra_14,Hobbies and Crafts,Crafts,14,4,/videos/Cra_14.mp4,success,/features/Cra_14.npy,True,0
Cra_15,Hobbies and Crafts,Crafts,15,5,/videos/Cra_15.mp4,success,/features/Cra_15.npy,True,0
Cra_16,Hobbies and Crafts,Crafts,16,6,/videos/Cra_16.mp4,success,/features/Cra_16.npy,True,0
Cra_17,Hobbies and Crafts,Crafts,17,7,/videos/Cra_17.mp4,success,/features/Cra_17.npy,True,0
Cra_18,Hobbies and Crafts,Crafts,18,8,/videos/Cra_18.mp4,success,/features/Cra_18.npy,True,0
Cra_19,Hobbies and Crafts,Crafts,19,9,/videos/Cra_19.mp4,success,/features/Cra_19.npy,True,0
Cra_20,Hobbies and Crafts,Crafts,20,10,/videos/Cra_20.mp4,success,/features/Cra_20.npy,True,0
Cra_21,Hobbies and Crafts,Crafts,21,1,/videos/Cra_21.mp4,success,/features/Cra_21.npy,True,0
Cra_22,Hobbies and Crafts,Crafts,22,2,/videos/Cra_22.mp4,success,/features/Cra_22.npy,True,0
Cra_23,Hobbies and Crafts,Crafts,23,3,/videos/Cra_23.mp4,success,/features/Cra_23.npy,True,0
Cra_24,Hobbies and Crafts,Crafts,24,4,/videos/Cra_24.mp4,success,/features/Cra_24.npy,True,0
Cra_25,Hobbies and Crafts,Crafts,25,5,/videos/Cra_25.mp4,success,/features/Cra_25.npy,True,0
Cra_26,Hobbies and Crafts,Crafts,26,6,/videos/Cra_26.mp4,success,/features/Cra_26.npy,True,0
Cra_27,Hobbies and Crafts,Crafts,27,7,/videos/Cra_27.mp4,success,/features/Cra_27.npy,True,0
Cra_28,Hobbies and Crafts,Crafts,28,8,/videos/Cra_28.mp4,success,/features/Cra_28.npy,True,0
Cra_29,Hobbies and Crafts,Crafts,29,9,/videos/Cra_29.mp4,success,/features/Cra_29.npy,True,0
Cra_30,Hobbies and Crafts,Crafts,30,10,/videos/Cra_30.mp4,success,/features/Cra_30.npy,True,0
Cra_31,Hobbies and Crafts,Crafts,31,1,/videos/Cra_31.mp4,success,/features/Cra_31.npy,True,0
Cra_32,Hobbies and Crafts,Crafts,32,2,/videos/Cra_32.mp4,success,/features/Cra_32.npy,True,0
Cra_33,Hobbies and Crafts,Crafts,33,3,/videos/Cra_33.mp4,success,/features/Cra_33.npy,True,0
Cra_34,Hobbies and Crafts,Crafts,34,4,/videos/Cra_34.mp4,success,/features/Cra_34.npy,True,0
Cra_35,Hobbies and Crafts,Crafts,35,5,/videos/Cra_35.mp4,success,/features/Cra_35.npy,True,0
Cra_36,Hobbies and Crafts,Crafts,36,6,/videos/Cra_36.mp4,success,/features/Cra_36.npy,True,0
Cra_37,Hobbies and Crafts,Crafts,37,7,/videos/Cra_37.mp4,success,/features/Cra_37.npy,True,0
Cra_38,Hobbies and Crafts,Crafts,38,8,/videos/Cra_38.mp4,success,/features/Cra_38.npy,True,0
Cra_39,Hobbies and Crafts,Crafts,39,9,/videos/Cra_39.mp4,success,/features/Cra_39.npy,True,0
Cra_40,Hobbies and Crafts,Crafts,40,10,/videos/Cra_40.mp4,success,/features/Cra_40.npy,True,0
Cra_41,Hobbies and Crafts,Crafts,41,1,/videos/Cra_41.mp4,success,/features/Cra_41.npy,True,0
Cra_42,Hobbies and Crafts,Crafts,42,2,/videos/Cra_42.mp4,success,/features/Cra_42.npy,True,0
Cra_43,Hobbies and Crafts,Crafts,43,3,/videos/Cra_43.mp4,success,/features/Cra_43.npy,True,0
Cra_44,Hobbies and Crafts,Crafts,44,4,/videos/Cra_44.mp4,success,/features/Cra_44.npy,True,0
Cra_45,Hobbies and Crafts,Crafts,45,5,/videos/Cra_45.mp4,success,/features/Cra_45.npy,True,0
Cra_46,Hobbies and Crafts,Crafts,46,6,/videos/Cra_46.mp4,success,/features/Cra_46.npy,True,0
Cra_47,Hobbies and Crafts,Crafts,47,7,/videos/Cra_47.mp4,success,/features/Cra_47.npy,True,0
Cra_48,Hobbies and Crafts,Crafts,48,8,/videos/Cra_48.mp4,success,/features/Cra_48.npy,True,0
Cra_49,Hobbies and Crafts,Crafts,49,9,/videos/Cra_49.mp4,success,/features/Cra_49.npy,True,0
Cra_50,Hobbies and Crafts,Crafts,50,10,/videos/Cra_50.mp4,success,/features/Cra_50.npy,True,0
Cra_51,Hobbies and Crafts,Crafts,1,1,/videos/Cra_51.mp4,success,/features/Cra_51.npy,True,0
Cra_52,Hobbies and Crafts,Crafts,2,2,/videos/Cra_52.mp4,success,/features/Cra_52.npy,True,0
Cra_53,Hobbies and Crafts,Crafts,3,3,/videos/Cra_53.mp4,success,/features/Cra_53.npy,True,0
Cra_54,Hobbies and Crafts,Crafts,4,4,/videos/Cra_54.mp4,success,/features/Cra_54.npy,True,0
Cra_55,Hobbies and Crafts,Crafts,5,5,/videos/Cra_55.mp4,success,/features/Cra_55.npy,True,0
Cra_56,Hobbies and Crafts,Crafts,6,6,/videos/Cra_56.mp4,success,/features/Cra_56.npy,True,0
Cra_57,Hobbies and Crafts,Crafts,7,7,/videos/Cra_57.mp4,success,/features/Cra_57.npy,True,0
Cra_58,Hobbies and Crafts,Crafts,8,8,/videos/Cra_58.mp4,success,/features/Cra_58.npy,True,0
Cra_59,Hobbies and Crafts,Crafts,9,9,/videos/Cra_59.mp4,success,/features/Cra_59.npy,True,0
Cra_60,Hobbies and Crafts,Crafts,10,10,/videos/Cra_60.mp4,success,/features/Cra_60.npy,True,0
Cra_61,Hobbies and Crafts,Crafts,11,1,/videos/Cra_61.mp4,success,/features/Cra_61.npy,True,0
Cra_62,Hobbies and Crafts,Crafts,12,2,/videos/Cra_62.mp4,success,/features/Cra_62.npy,True,0
Cra_63,Hobbies and Crafts,Crafts,13,3,/videos/Cra_63.mp4,success,/features/Cra_63.npy,True,0
Cra_64,Hobbies and Crafts,Crafts,14,4,/videos/Cra_64.mp4,success,/features/Cra_64.npy,True,0
Cra_65,Hobbies and Crafts,Crafts,15,5,/videos/Cra_65.mp4,success,/features/Cra_65.npy,True,0
Cra_66,Hobbies and Crafts,Crafts,16,6,/videos/Cra_66.mp4,success,/features/Cra_66.npy,True,0
Cra_67,Hobbies and Crafts,Crafts,17,7,/videos/Cra_67.mp4,success,/features/Cra_67.npy,True,0
Cra_68,Hobbies and Crafts,Crafts,18,8,/videos/Cra_68.mp4,success,/features/Cra_68.npy,True,0
Cra_69,Hobbies and Crafts,Crafts,19,9,/videos/Cra_69.mp4,success,/features/Cra_69.npy,True,0
Cra_70,Hobbies and Crafts,Crafts,20,10,/videos/Cra_70.mp4,success,/features/Cra_70.npy,True,0
Cra_71,Hobbies and Crafts,Crafts,21,1,/videos/Cra_71.mp4,success,/features/Cra_71.npy,True,0
Cra_72,Hobbies and Crafts,Crafts,22,2,/videos/Cra_72.mp4,success,/features/Cra_72.npy,True,0
Cra_73,Hobbies and Crafts,Crafts,23,3,/videos/Cra_73.mp4,success,/features/Cra_73.npy,True,0
Cra_74,Hobbies and Crafts,Crafts,24,4,/videos/Cra_74.mp4,success,/features/Cra_74.npy,True,0
Cra_75,Hobbies and Crafts,Crafts,25,5,/videos/Cra_75.mp4,success,/features/Cra_75.npy,True,0
Cra_76,Hobbies and Crafts,Crafts,26,6,/videos/Cra_76.mp4,success,/features/Cra_76.npy,True,0
Cra_77,Hobbies and Crafts,Crafts,27,7,/videos/Cra_77.mp4,success,/features/Cra_77.npy,True,0
Cra_78,Hobbies and Crafts,Crafts,28,8,/videos/Cra_78.mp4,success,/features/Cra_78.npy,True,0
Cra_79,Hobbies and Crafts,Crafts,29,9,/videos/Cra_79.mp4,success,/features/Cra_79.npy,True,0
Cra_80,Hobbies and Crafts,Crafts,30,10,/videos/Cra_80.mp4,success,/features/Cra_80.npy,True,0
Cra_81,Hobbies and Crafts,Crafts,31,1,/videos/Cra_81.mp4,success,/features/Cra_81.npy,True,0
Cra_82,Hobbies and Crafts,Crafts,32,2,/videos/Cra_82.mp4,success,/features/Cra_82.npy,True,0
Cra_83,Hobbies and Crafts,Crafts,33,3,/videos/Cra_83.mp4,success,/features/Cra_83.npy,True,0
Cra_84,Hobbies and Crafts,Crafts,34,4,/videos/Cra_84.mp4,success,/features/Cra_84.npy,True,0
Cra_85,Hobbies and Crafts,Crafts,35,5,/videos/Cra_85.mp4,success,/features/Cra_85.npy,True,0
Cra_86,Hobbies and Crafts,Crafts,36,6,/videos/Cra_86.mp4,success,/features/Cra_86.npy,True,0
Cra_87,Hobbies and Crafts,Crafts,37,7,/videos/Cra_87.mp4,success,/features/Cra_87.npy,True,0
Cra_88,Hobbies and Crafts,Crafts,38,8,/videos/Cra_88.mp4,success,/features/Cra_88.npy,True,0
Cra_89,Hobbies and Crafts,Crafts,39,9,/videos/Cra_89.mp4,success,/features/Cra_89.npy,True,0
Cra_90,Hobbies and Crafts,Crafts,40,10,/videos/Cra_90.mp4,success,/features/Cra_90.npy,True,0
Cra_91,Hobbies and Crafts,Crafts,41,1,/videos/Cra_91.mp4,success,/features/Cra_91.npy,True,0
Cra_92,Hobbies and Crafts,Crafts,42,2,/videos/Cra_92.mp4,success,/features/Cra_92.npy,True,0
Cra_93,Hobbies and Crafts,Crafts,43,3,/videos/Cra_93.mp4,success,/features/Cra_93.npy,True,0
Cra_94,Hobbies and Crafts,Crafts,44,4,/videos/Cra_94.mp4,success,/features/Cra_94.npy,True,0
Cra_95,Hobbies and Crafts,Crafts,45,5,/videos/Cra_95.mp4,success,/features/Cra_95.npy,True,0
Cra_96,Hobbies and Crafts,Crafts,46,6,/videos/Cra_96.mp4,success,/features/Cra_96.npy,True,0
Cra_97,Hobbies and Crafts,Crafts,47,7,/videos/Cra_97.mp4,success,/features/Cra_97.npy,True,0
Cra_98,Hobbies and Crafts,Crafts,48,8,/videos/Cra_98.mp4,success,/features/Cra_98.npy,True,0
Cra_99,Hobbies and Crafts,Crafts,49,9,/videos/Cra_99.mp4,success,/features/Cra_99.npy,True,0
Cra_100,Hobbies and Crafts,Crafts,50,10,/videos/Cra_100.mp4,success,/features/Cra_100.npy,True,0
Cra_101,Hobbies and Crafts,Crafts,1,1,/videos/Cra_101.mp4,success,/features/Cra_101.npy,True,0
Cra_102,Hobbies and Crafts,Crafts,2,2,/videos/Cra_102.mp4,success,/features/Cra_102.npy,True,0
Cra_103,Hobbies and Crafts,Crafts,3,3,/videos/Cra_103.mp4,success,/features/Cra_103.npy,True,0
Cra_104,Hobbies and Crafts,Crafts,4,4,/videos/Cra_104.mp4,success,/features/Cra_104.npy,True,0
Cra_105,Hobbies and Crafts,Crafts,5,5,/videos/Cra_105.mp4,success,/features/Cra_105.npy,True,0
Cra_106,Hobbies and Crafts,Crafts,6,6,/videos/Cra_106.mp4,success,/features/Cra_106.npy,True,0
Cra_107,Hobbies and Crafts,Crafts,7,7,/videos/Cra_107.mp4,success,/features/Cra_107.npy,True,0
Cra_108,Hobbies and Crafts,Crafts,8,8,/videos/Cra_108.mp4,success,/features/Cra_108.npy,True,0
Cra_109,Hobbies and Crafts,Crafts,9,9,/videos/Cra_109.mp4,success,/features/Cra_109.npy,True,0
Cra_110,Hobbies and Crafts,Crafts,10,10,/videos/Cra_110.mp4,success,/features/Cra_110.npy,True,0
Cra_111,Hobbies and Crafts,Crafts,11,1,/videos/Cra_111.mp4,success,/features/Cra_111.npy,True,0
Cra_112,Hobbies and Crafts,Crafts,12,2,/videos/Cra_112.mp4,success,/features/Cra_112.npy,True,0
Cra_113,Hobbies and Crafts,Crafts,13,3,/videos/Cra_113.mp4,success,/features/Cra_113.npy,True,0
Cra_114,Hobbies and Crafts,Crafts,14,4,/videos/Cra_114.mp4,success,/features/Cra_114.npy,True,0
Cra_115,Hobbies and Crafts,Crafts,15,5,/videos/Cra_115.mp4,success,/features/Cra_115.npy,True,0
Cra_116,Hobbies and Crafts,Crafts,16,6,/videos/Cra_116.mp4,success,/features/Cra_116.npy,True,0
Cra_117,Hobbies and Crafts,Crafts,17,7,/videos/Cra_117.mp4,success,/features/Cra_117.npy,True,0
Cra_118,Hobbies and Crafts,Crafts,18,8,/videos/Cra_118.mp4,success,/features/Cra_118.npy,True,0
Cra_119,Hobbies and Crafts,Crafts,19,9,/videos/Cra_119.mp4,success,/features/Cra_119.npy,True,0
Cra_120,Hobbies and Crafts,Crafts,20,10,/videos/Cra_120.mp4,success,/features/Cra_120.npy,True,0
Cra_121,Hobbies and Crafts,Crafts,21,1,/videos/Cra_121.mp4,success,/features/Cra_121.npy,True,0
Cra_122,Hobbies and Crafts,Crafts,22,2,/videos/Cra_122.mp4,success,/features/Cra_122.npy,True,0
Cra_123,Hobbies and Crafts,Crafts,23,3,/videos/Cra_123.mp4,success,/features/Cra_123.npy,True,0
Cra_124,Hobbies and Crafts,Crafts,24,4,/videos/Cra_124.mp4,success,/features/Cra_124.npy,True,0
Cra_125,Hobbies and Crafts,Crafts,25,5,/videos/Cra_125.mp4,success,/features/Cra_125.npy,True,0
Cra_126,Hobbies and Crafts,Crafts,26,6,/videos/Cra_126.mp4,success,/features/Cra_126.npy,True,0
Cra_127,Hobbies and Crafts,Crafts,27,7,/videos/Cra_127.mp4,success,/features/Cra_127.npy,True,0
Cra_128,Hobbies and Crafts,Crafts,28,8,/videos/Cra_128.mp4,success,/features/Cra_128.npy,True,0
Cra_129,Hobbies and Crafts,Crafts,29,9,/videos/Cra_129.mp4,success,/features/Cra_129.npy,True,0
Cra_130,Hobbies and Crafts,Crafts,30,10,/videos/Cra_130.mp4,success,/features/Cra_130.npy,True,0
Cra_131,Hobbies and Crafts,Crafts,31,1,/videos/Cra_131.mp4,success,/features/Cra_131.npy,True,0
Cra_132,Hobbies and Crafts,Crafts,32,2,/videos/Cra_132.mp4,success,/features/Cra_132.npy,True,0
Cra_133,Hobbies and Crafts,Crafts,33,3,/videos/Cra_133.mp4,success,/features/Cra_133.npy,True,0
Cra_134,Hobbies and Crafts,Crafts,34,4,/videos/Cra_134.mp4,success,/features/Cra_134.npy,True,0
Cra_135,Hobbies and Crafts,Crafts,35,5,/videos/Cra_135.mp4,success,/features/Cra_135.npy,True,0
Cra_136,Hobbies and Crafts,Crafts,36,6,/videos/Cra_136.mp4,success,/features/Cra_136.npy,True,0
Cra_137,Hobbies and Crafts,Crafts,37,7,/videos/Cra_137.mp4,success,/features/Cra_137.npy,True,0
Cra_138,Hobbies and Crafts,Crafts,38,8,/videos/Cra_138.mp4,success,/features/Cra_138.npy,True,0
Cra_139,Hobbies and Crafts,Crafts,39,9,/videos/Cra_139.mp4,success,/features/Cra_139.npy,True,0
Cra_140,Hobbies and Crafts,Crafts,40,10,/videos/Cra_140.mp4,success,/features/Cra_140.npy,True,0
Cra_141,Hobbies and Crafts,Crafts,41,1,/videos/Cra_141.mp4,success,/features/Cra_141.npy,True,0
Cra_142,Hobbies and Crafts,Crafts,42,2,/videos/Cra_142.mp4,success,/features/Cra_142.npy,True,0
Cra_143,Hobbies and Crafts,Crafts,43,3,/videos/Cra_143.mp4,success,/features/Cra_143.npy,True,0
Cra_144,Hobbies and Crafts,Crafts,44,4,/videos/Cra_144.mp4,success,/features/Cra_144.npy,True,0
Cra_145,Hobbies and Crafts,Crafts,45,5,/videos/Cra_145.mp4,success,/features/Cra_145.npy,True,0
Cra_146,Hobbies and Crafts,Crafts,46,6,/videos/Cra_146.mp4,success,/features/Cra_146.npy,True,0
Cra_147,Hobbies and Crafts,Crafts,47,7,/videos/Cra_147.mp4,success,/features/Cra_147.npy,True,0
Cra_148,Hobbies and Crafts,Crafts,48,8,/videos/Cra_148.mp4,success,/features/Cra_148.npy,True,0
Cra_149,Hobbies and Crafts,Crafts,49,9,/videos/Cra_149.mp4,success,/features/Cra_149.npy,True,0
Cra_150,Hobbies and Crafts,Crafts,50,10,/videos/Cra_150.mp4,success,/features/Cra_150.npy,True,0
Cra_151,Hobbies and Crafts,Crafts,1,1,/videos/Cra_151.mp4,success,/features/Cra_151.npy,True,0
Cra_152,Hobbies and Crafts,Crafts,2,2,/videos/Cra_152.mp4,success,/features/Cra_152.npy,True,0
Cra_153,Hobbies and Crafts,Crafts,3,3,/videos/Cra_153.mp4,success,/features/Cra_153.npy,True,0
Cra_154,Hobbies and Crafts,Crafts,4,4,/videos/Cra_154.mp4,success,/features/Cra_154.npy,True,0
Cra_155,Hobbies and Crafts,Crafts,5,5,/videos/Cra_155.mp4,success,/features/Cra_155.npy,True,0
Cra_156,Hobbies and Crafts,Crafts,6,6,/videos/Cra_156.mp4,success,/features/Cra_156.npy,True,0
Cra_157,Hobbies and Crafts,Crafts,7,7,/videos/Cra_157.mp4,success,/features/Cra_157.npy,True,0
Cra_158,Hobbies and Crafts,Crafts,8,8,/videos/Cra_158.mp4,success,/features/Cra_158.npy,True,0
Cra_159,Hobbies and Crafts,Crafts,9,9,/videos/Cra_159.mp4,success,/features/Cra_159.npy,True,0
Cra_160,Hobbies and Crafts,Crafts,10,10,/videos/Cra_160.mp4,success,/features/Cra_160.npy,True,0
Cra_161,Hobbies and Crafts,Crafts,11,1,/videos/Cra_161.mp4,success,/features/Cra_161.npy,True,0
Cra_162,Hobbies and Crafts,Crafts,12,2,/videos/Cra_162.mp4,success,/features/Cra_162.npy,True,0
Cra_163,Hobbies and Crafts,Crafts,13,3,/videos/Cra_163.mp4,success,/features/Cra_163.npy,True,0
Cra_164,Hobbies and Crafts,Crafts,14,4,/videos/Cra_164.mp4,success,/features/Cra_164.npy,True,0
Cra_165,Hobbies and Crafts,Crafts,15,5,/videos/Cra_165.mp4,success,/features/Cra_165.npy,True,0
Cra_166,Hobbies and Crafts,Crafts,16,6,/videos/Cra_166.mp4,success,/features/Cra_166.npy,True,0
Cra_167,Hobbies and Crafts,Crafts,17,7,/videos/Cra_167.mp4,success,/features/Cra_167.npy,True,0
Cra_168,Hobbies and Crafts,Crafts,18,8,/videos/Cra_168.mp4,success,/features/Cra_168.npy,True,0
Cra_169,Hobbies and Crafts,Crafts,19,9,/videos/Cra_169.mp4,success,/features/Cra_169.npy,True,0
Cra_170,Hobbies and Crafts,Crafts,20,10,/videos/Cra_170.mp4,success,/features/Cra_170.npy,True,0
Cra_171,Hobbies and Crafts,Crafts,21,1,/videos/Cra_171.mp4,success,/features/Cra_171.npy,True,0
Cra_172,Hobbies and Crafts,Crafts,22,2,/videos/Cra_172.mp4,success,/features/Cra_172.npy,True,0
Cra_173,Hobbies and Crafts,Crafts,23,3,/videos/Cra_173.mp4,success,/features/Cra_173.npy,True,0
Cra_174,Hobbies and Crafts,Crafts,24,4,/videos/Cra_174.mp4,success,/features/Cra_174.npy,True,0
Cra_175,Hobbies and Crafts,Crafts,25,5,/videos/Cra_175.mp4,success,/features/Cra_175.npy,True,0
Cra_176,Hobbies and Crafts,Crafts,26,6,/videos/Cra_176.mp4,success,/features/Cra_176.npy,True,0
Cra_177,Hobbies and Crafts,Crafts,27,7,/videos/Cra_177.mp4,success,/features/Cra_177.npy,True,0
Cra_178,Hobbies and Crafts,Crafts,28,8,/videos/Cra_178.mp4,success,/features/Cra_178.npy,True,0
Cra_179,Hobbies and Crafts,Crafts,29,9,/videos/Cra_179.mp4,success,/features/Cra_179.npy,True,0
Cra_180,Hobbies and Crafts,Crafts,30,10,/videos/Cra_180.mp4,success,/features/Cra_180.npy,True,0
Cra_181,Hobbies and Crafts,Crafts,31,1,/videos/Cra_181.mp4,success,/features/Cra_181.npy,True,0
Cra_182,Hobbies and Crafts,Crafts,32,2,/videos/Cra_182.mp4,success,/features/Cra_182.npy,True,0
Cra_183,Hobbies and Crafts,Crafts,33,3,/videos/Cra_183.mp4,success,/features/Cra_183.npy,True,0
Cra_184,Hobbies and Crafts,Crafts,34,4,/videos/Cra_184.mp4,success,/features/Cra_184.npy,True,0
Cra_185,Hobbies and Crafts,Crafts,35,5,/videos/Cra_185.mp4,success,/features/Cra_185.npy,True,0
Cra_186,Hobbies and Crafts,Crafts,36,6,/videos/Cra_186.mp4,success,/features/Cra_186.npy,True,0
Cra_187,Hobbies and Crafts,Crafts,37,7,/videos/Cra_187.mp4,success,/features/Cra_187.npy,True,0
Cra_188,Hobbies and Crafts,Crafts,38,8,/videos/Cra_188.mp4,success,/features/Cra_188.npy,True,0
Cra_189,Hobbies and Crafts,Crafts,39,9,/videos/Cra_189.mp4,success,/features/Cra_189.npy,True,0
Cra_190,Hobbies and Crafts,Crafts,40,10,/videos/Cra_190.mp4,success,/features/Cra_190.npy,True,0
Cra_191,Hobbies and Crafts,Crafts,41,1,/videos/Cra_191.mp4,success,/features/Cra_191.npy,True,0
Cra_192,Hobbies and Crafts,Crafts,42,2,/videos/Cra_192.mp4,success,/features/Cra_192.npy,True,0
Cra_193,Hobbies and Crafts,Crafts,43,3,/videos/Cra_193.mp4,success,/features/Cra_193.npy,True,0
Cra_194,Hobbies and Crafts,Crafts,44,4,/videos/Cra_194.mp4,success,/features/Cra_194.npy,True,0
Cra_195,Hobbies and Crafts,Crafts,45,5,/videos/Cra_195.mp4,success,/features/Cra_195.npy,True,0
Cra_196,Hobbies and Crafts,Crafts,46,6,/videos/Cra_196.mp4,success,/features/Cra_196.npy,True,0
Cra_197,Hobbies and Crafts,Crafts,47,7,/videos/Cra_197.mp4,success,/features/Cra_197.npy,True,0
Cra_198,Hobbies and Crafts,Crafts,48,8,/videos/Cra_198.mp4,success,/features/Cra_198.npy,True,0
Cra_199,Hobbies and Crafts,Crafts,49,9,/videos/Cra_199.mp4,success,/features/Cra_199.npy,True,0
Cra_200,Hobbies and Crafts,Crafts,50,10,/videos/Cra_200.mp4,success,/features/Cra_200.npy,True,0
Cra_201,Hobbies and Crafts,Crafts,1,1,/videos/Cra_201.mp4,success,/features/Cra_201.npy,True,0
Cra_202,Hobbies and Crafts,Crafts,2,2,/videos/Cra_202.mp4,success,/features/Cra_202.npy,True,0
Cra_203,Hobbies and Crafts,Crafts,3,3,/videos/Cra_203.mp4,success,/features/Cra_203.npy,True,0
Cra_204,Hobbies and Crafts,Crafts,4,4,/videos/Cra_204.mp4,success,/features/Cra_204.npy,True,0
Cra_205,Hobbies and Crafts,Crafts,5,5,/videos/Cra_205.mp4,success,/features/Cra_205.npy,True,0
Cra_206,Hobbies and Crafts,Crafts,6,6,/videos/Cra_206.mp4,success,/features/Cra_206.npy,True,0
Cra_207,Hobbies and Crafts,Crafts,7,7,/videos/Cra_207.mp4,success,/features/Cra_207.npy,True,0
Cra_208,Hobbies and Crafts,Crafts,8,8,/videos/Cra_208.mp4,success,/features/Cra_208.npy,True,0
Cra_209,Hobbies and Crafts,Crafts,9,9,/videos/Cra_209.mp4,success,/features/Cra_209.npy,True,0
Cra_210,Hobbies and Crafts,Crafts,10,10,/videos/Cra_210.mp4,success,/features/Cra_210.npy,True,0
Cra_211,Hobbies and Crafts,Crafts,11,1,/videos/Cra_211.mp4,success,/features/Cra_211.npy,True,0
Cra_212,Hobbies and Crafts,Crafts,12,2,/videos/Cra_212.mp4,success,/features/Cra_212.npy,True,0
Cra_213,Hobbies and Crafts,Crafts,13,3,/videos/Cra_213.mp4,success,/features/Cra_213.npy,True,0
Cra_214,Hobbies and Crafts,Crafts,14,4,/videos/Cra_214.mp4,success,/features/Cra_214.npy,True,0
Cra_215,Hobbies and Crafts,Crafts,15,5,/videos/Cra_215.mp4,success,/features/Cra_215.npy,True,0
Cra_216,Hobbies and Crafts,Crafts,16,6,/videos/Cra_216.mp4,success,/features/Cra_216.npy,True,0
Cra_217,Hobbies and Crafts,Crafts,17,7,/videos/Cra_217.mp4,success,/features/Cra_217.npy,True,0
Cra_218,Hobbies and Crafts,Crafts,18,8,/videos/Cra_218.mp4,success,/features/Cra_218.npy,True,0
Cra_219,Hobbies and Crafts,Crafts,19,9,/videos/Cra_219.mp4,success,/features/Cra_219.npy,True,0
Cra_220,Hobbies and Crafts,Crafts,20,10,/videos/Cra_220.mp4,success,/features/Cra_220.npy,True,0
Cra_221,Hobbies and Crafts,Crafts,21,1,/videos/Cra_221.mp4,success,/features/Cra_221.npy,True,0
Cra_222,Hobbies and Crafts,Crafts,22,2,/videos/Cra_222.mp4,success,/features/Cra_222.npy,True,0
Cra_223,Hobbies and Crafts,Crafts,23,3,/videos/Cra_223.mp4,success,/features/Cra_223.npy,True,0
Cra_224,Hobbies and Crafts,Crafts,24,4,/videos/Cra_224.mp4,success,/features/Cra_224.npy,True,0
Cra_225,Hobbies and Crafts,Crafts,25,5,/videos/Cra_225.mp4,success,/features/Cra_225.npy,True,0
Cra_226,Hobbies and Crafts,Crafts,26,6,/videos/Cra_226.mp4,success,/features/Cra_226.npy,True,0
Cra_227,Hobbies and Crafts,Crafts,27,7,/videos/Cra_227.mp4,success,/features/Cra_227.npy,True,0
Cra_228,Hobbies and Crafts,Crafts,28,8,/videos/Cra_228.mp4,success,/features/Cra_228.npy,True,0
Cra_229,Hobbies and Crafts,Crafts,29,9,/videos/Cra_229.mp4,success,/features/Cra_229.npy,True,0
Cra_230,Hobbies and Crafts,Crafts,30,10,/videos/Cra_230.mp4,success,/features/Cra_230.npy,True,0
Cra_231,Hobbies and Crafts,Crafts,31,1,/videos/Cra_231.mp4,success,/features/Cra_231.npy,True,0
Cra_232,Hobbies and Crafts,Crafts,32,2,/videos/Cra_232.mp4,success,/features/Cra_232.npy,True,0
Cra_233,Hobbies and Crafts,Crafts,33,3,/videos/Cra_233.mp4,success,/features/Cra_233.npy,True,0
Cra_234,Hobbies and Crafts,Crafts,34,4,/videos/Cra_234.mp4,success,/features/Cra_234.npy,True,0
Cra_235,Hobbies and Crafts,Crafts,35,5,/videos/Cra_235.mp4,success,/features/Cra_235.npy,True,0
Cra_236,Hobbies and Crafts,Crafts,36,6,/videos/Cra_236.mp4,success,/features/Cra_236.npy,True,0
Cra_237,Hobbies and Crafts,Crafts,37,7,/videos/Cra_237.mp4,success,/features/Cra_237.npy,True,0
Cra_238,Hobbies and Crafts,Crafts,38,8,/videos/Cra_238.mp4,success,/features/Cra_238.npy,True,0
Cra_239,Hobbies and Crafts,Crafts,39,9,/videos/Cra_239.mp4,success,/features/Cra_239.npy,True,0
Cra_240,Hobbies and Crafts,Crafts,40,10,/videos/Cra_240.mp4,success,/features/Cra_240.npy,True,0
Gam_241,Hobbies and Crafts,Games,1,1,/videos/Gam_241.mp4,success,/features/Gam_241.npy,True,1
Gam_242,Hobbies and Crafts,Games,2,2,/videos/Gam_242.mp4,success,/features/Gam_242.npy,True,1
Gam_243,Hobbies and Crafts,Games,3,3,/videos/Gam_243.mp4,success,/features/Gam_243.npy,True,1
Gam_244,Hobbies and Crafts,Games,4,4,/videos/Gam_244.mp4,success,/features/Gam_244.npy,True,1
Gam_245,Hobbies and Crafts,Games,5,5,/videos/Gam_245.mp4,success,/features/Gam_245.npy,True,1
Gam_246,Hobbies and Crafts,Games,6,6,/videos/Gam_246.mp4,success,/features/Gam_246.npy,True,1
Gam_247,Hobbies and Crafts,Games,7,7,/videos/Gam_247.mp4,success,/features/Gam_247.npy,True,1
Gam_248,Hobbies and Crafts,Games,8,8,/videos/Gam_248.mp4,success,/features/Gam_248.npy,True,1
Gam_249,Hobbies and Crafts,Games,9,9,/videos/Gam_249.mp4,success,/features/Gam_249.npy,True,1
Gam_250,Hobbies and Crafts,Games,10,10,/videos/Gam_250.mp4,success,/features/Gam_250.npy,True,1
Gam_251,Hobbies and Crafts,Games,11,1,/videos/Gam_251.mp4,success,/features/Gam_251.npy,True,1
Gam_252,Hobbies and Crafts,Games,12,2,/videos/Gam_252.mp4,success,/features/Gam_252.npy,True,1
Gam_253,Hobbies and Crafts,Games,13,3,/videos/Gam_253.mp4,success,/features/Gam_253.npy,True,1
Gam_254,Hobbies and Crafts,Games,14,4,/videos/Gam_254.mp4,success,/features/Gam_254.npy,True,1
Gam_255,Hobbies and Crafts,Games,15,5,/videos/Gam_255.mp4,success,/features/Gam_255.npy,True,1
Gam_256,Hobbies and Crafts,Games,16,6,/videos/Gam_256.mp4,success,/features/Gam_256.npy,True,1
Gam_257,Hobbies and Crafts,Games,17,7,/videos/Gam_257.mp4,success,/features/Gam_257.npy,True,1
Gam_258,Hobbies and Crafts,Games,18,8,/videos/Gam_258.mp4,success,/features/Gam_258.npy,True,1
Gam_259,Hobbies and Crafts,Games,19,9,/videos/Gam_259.mp4,success,/features/Gam_259.npy,True,1
Gam_260,Hobbies and Crafts,Games,20,10,/videos/Gam_260.mp4,success,/features/Gam_260.npy,True,1
Gam_261,Hobbies and Crafts,Games,21,1,/videos/Gam_261.mp4,success,/features/Gam_261.npy,True,1
Gam_262,Hobbies and Crafts,Games,22,2,/videos/Gam_262.mp4,success,/features/Gam_262.npy,True,1
Gam_263,Hobbies and Crafts,Games,23,3,/videos/Gam_263.mp4,success,/features/Gam_263.npy,True,1
Gam_264,Hobbies and Crafts,Games,24,4,/videos/Gam_264.mp4,success,/features/Gam_264.npy,True,1
Gam_265,Hobbies and Crafts,Games,25,5,/videos/Gam_265.mp4,success,/features/Gam_265.npy,True,1
Gam_266,Hobbies and Crafts,Games,26,6,/videos/Gam_266.mp4,success,/features/Gam_266.npy,True,1
Gam_267,Hobbies and Crafts,Games,27,7,/videos/Gam_267.mp4,success,/features/Gam_267.npy,True,1
Gam_268,Hobbies and Crafts,Games,28,8,/videos/Gam_268.mp4,success,/features/Gam_268.npy,True,1
Gam_269,Hobbies and Crafts,Games,29,9,/videos/Gam_269.mp4,success,/features/Gam_269.npy,True,1
Gam_270,Hobbies and Crafts,Games,30,10,/videos/Gam_270.mp4,success,/features/Gam_270.npy,True,1
Gam_271,Hobbies and Crafts,Games,31,1,/videos/Gam_271.mp4,success,/features/Gam_271.npy,True,1
Gam_272,Hobbies and Crafts,Games,32,2,/videos/Gam_272.mp4,success,/features/Gam_272.npy,True,1
Gam_273,Hobbies and Crafts,Games,33,3,/videos/Gam_273.mp4,success,/features/Gam_273.npy,True,1
Gam_274,Hobbies and Crafts,Games,34,4,/videos/Gam_274.mp4,success,/features/Gam_274.npy,True,1
Gam_275,Hobbies and Crafts,Games,35,5,/videos/Gam_275.mp4,success,/features/Gam_275.npy,True,1
Gam_276,Hobbies and Crafts,Games,36,6,/videos/Gam_276.mp4,success,/features/Gam_276.npy,True,1
Gam_277,Hobbies and Crafts,Games,37,7,/videos/Gam_277.mp4,success,/features/Gam_277.npy,True,1
Gam_278,Hobbies and Crafts,Games,38,8,/videos/Gam_278.mp4,success,/features/Gam_278.npy,True,1
Gam_279,Hobbies and Crafts,Games,39,9,/videos/Gam_279.mp4,success,/features/Gam_279.npy,True,1
Gam_280,Hobbies and Crafts,Games,40,10,/videos/Gam_280.mp4,success,/features/Gam_280.npy,True,1
Gam_281,Hobbies and Crafts,Games,41,1,/videos/Gam_281.mp4,success,/features/Gam_281.npy,True,1
Gam_282,Hobbies and Crafts,Games,42,2,/videos/Gam_282.mp4,success,/features/Gam_282.npy,True,1
Gam_283,Hobbies and Crafts,Games,43,3,/videos/Gam_283.mp4,success,/features/Gam_283.npy,True,1
Gam_284,Hobbies and Crafts,Games,44,4,/videos/Gam_284.mp4,success,/features/Gam_284.npy,True,1
Gam_285,Hobbies and Crafts,Games,45,5,/videos/Gam_285.mp4,success,/features/Gam_285.npy,True,1
Gam_286,Hobbies and Crafts,Games,46,6,/videos/Gam_286.mp4,success,/features/Gam_286.npy,True,1
Gam_287,Hobbies and Crafts,Games,47,7,/videos/Gam_287.mp4,success,/features/Gam_287.npy,True,1
Gam_288,Hobbies and Crafts,Games,48,8,/videos/Gam_288.mp4,success,/features/Gam_288.npy,True,1
Gam_289,Hobbies and Crafts,Games,49,9,/videos/Gam_289.mp4,success,/features/Gam_289.npy,True,1
Gam_290,Hobbies and Crafts,Games,50,10,/videos/Gam_290.mp4,success,/features/Gam_290.npy,True,1
Gam_291,Hobbies and Crafts,Games,1,1,/videos/Gam_291.mp4,success,/features/Gam_291.npy,True,1
Gam_292,Hobbies and Crafts,Games,2,2,/videos/Gam_292.mp4,success,/features/Gam_292.npy,True,1
Gam_293,Hobbies and Crafts,Games,3,3,/videos/Gam_293.mp4,success,/features/Gam_293.npy,True,1
Gam_294,Hobbies and Crafts,Games,4,4,/videos/Gam_294.mp4,success,/features/Gam_294.npy,True,1
Gam_295,Hobbies and Crafts,Games,5,5,/videos/Gam_295.mp4,success,/features/Gam_295.npy,True,1
Gam_296,Hobbies and Crafts,Games,6,6,/videos/Gam_296.mp4,success,/features/Gam_296.npy,True,1
Gam_297,Hobbies and Crafts,Games,7,7,/videos/Gam_297.mp4,success,/features/Gam_297.npy,True,1
Gam_298,Hobbies and Crafts,Games,8,8,/videos/Gam_298.mp4,success,/features/Gam_298.npy,True,1
Gam_299,Hobbies and Crafts,Games,9,9,/videos/Gam_299.mp4,success,/features/Gam_299.npy,True,1
Gam_300,Hobbies and Crafts,Games,10,10,/videos/Gam_300.mp4,success,/features/Gam_300.npy,True,1
Gam_301,Hobbies and Crafts,Games,11,1,/videos/Gam_301.mp4,success,/features/Gam_301.npy,True,1
Gam_302,Hobbies and Crafts,Games,12,2,/videos/Gam_302.mp4,success,/features/Gam_302.npy,True,1
Gam_303,Hobbies and Crafts,Games,13,3,/videos/Gam_303.mp4,success,/features/Gam_303.npy,True,1
Gam_304,Hobbies and Crafts,Games,14,4,/videos/Gam_304.mp4,success,/features/Gam_304.npy,True,1
Gam_305,Hobbies and Crafts,Games,15,5,/videos/Gam_305.mp4,success,/features/Gam_305.npy,True,1
Gam_306,Hobbies and Crafts,Games,16,6,/videos/Gam_306.mp4,success,/features/Gam_306.npy,True,1
Gam_307,Hobbies and Crafts,Games,17,7,/videos/Gam_307.mp4,success,/features/Gam_307.npy,True,1
Gam_308,Hobbies and Crafts,Games,18,8,/videos/Gam_308.mp4,success,/features/Gam_308.npy,True,1
Gam_309,Hobbies and Crafts,Games,19,9,/videos/Gam_309.mp4,success,/features/Gam_309.npy,True,1
Gam_310,Hobbies and Crafts,Games,20,10,/videos/Gam_310.mp4,success,/features/Gam_310.npy,True,1
Gam_311,Hobbies and Crafts,Games,21,1,/videos/Gam_311.mp4,success,/features/Gam_311.npy,True,1
Gam_312,Hobbies and Crafts,Games,22,2,/videos/Gam_312.mp4,success,/features/Gam_312.npy,True,1
Gam_313,Hobbies and Crafts,Games,23,3,/videos/Gam_313.mp4,success,/features/Gam_313.npy,True,1
Gam_314,Hobbies and Crafts,Games,24,4,/videos/Gam_314.mp4,success,/features/Gam_314.npy,True,1
Gam_315,Hobbies and Crafts,Games,25,5,/videos/Gam_315.mp4,success,/features/Gam_315.npy,True,1
Gam_316,Hobbies and Crafts,Games,26,6,/videos/Gam_316.mp4,success,/features/Gam_316.npy,True,1
Gam_317,Hobbies and Crafts,Games,27,7,/videos/Gam_317.mp4,success,/features/Gam_317.npy,True,1
Gam_318,Hobbies and Crafts,Games,28,8,/videos/Gam_318.mp4,success,/features/Gam_318.npy,True,1
Gam_319,Hobbies and Crafts,Games,29,9,/videos/Gam_319.mp4,success,/features/Gam_319.npy,True,1
Gam_320,Hobbies and Crafts,Games,30,10,/videos/Gam_320.mp4,success,/features/Gam_320.npy,True,1
Gam_321,Hobbies and Crafts,Games,31,1,/videos/Gam_321.mp4,success,/features/Gam_321.npy,True,1
Gam_322,Hobbies and Crafts,Games,32,2,/videos/Gam_322.mp4,success,/features/Gam_322.npy,True,1
Gam_323,Hobbies and Crafts,Games,33,3,/videos/Gam_323.mp4,success,/features/Gam_323.npy,True,1
Gam_324,Hobbies and Crafts,Games,34,4,/videos/Gam_324.mp4,success,/features/Gam_324.npy,True,1
Gam_325,Hobbies and Crafts,Games,35,5,/videos/Gam_325.mp4,success,/features/Gam_325.npy,True,1
Gam_326,Hobbies and Crafts,Games,36,6,/videos/Gam_326.mp4,success,/features/Gam_326.npy,True,1
Gam_327,Hobbies and Crafts,Games,37,7,/videos/Gam_327.mp4,success,/features/Gam_327.npy,True,1
Gam_328,Hobbies and Crafts,Games,38,8,/videos/Gam_328.mp4,success,/features/Gam_328.npy,True,1
Gam_329,Hobbies and Crafts,Games,39,9,/videos/Gam_329.mp4,success,/features/Gam_329.npy,True,1
Gam_330,Hobbies and Crafts,Games,40,10,/videos/Gam_330.mp4,success,/features/Gam_330.npy,True,1
Gam_331,Hobbies and Crafts,Games,41,1,/videos/Gam_331.mp4,success,/features/Gam_331.npy,True,1
Gam_332,Hobbies and Crafts,Games,42,2,/videos/Gam_332.mp4,success,/features/Gam_332.npy,True,1
Gam_333,Hobbies and Crafts,Games,43,3,/videos/Gam_333.mp4,success,/features/Gam_333.npy,True,1
Gam_334,Hobbies and Crafts,Games,44,4,/videos/Gam_334.mp4,success,/features/Gam_334.npy,True,1
Gam_335,Hobbies and Crafts,Games,45,5,/videos/Gam_335.mp4,success,/features/Gam_335.npy,True,1
Gam_336,Hobbies and Crafts,Games,46,6,/videos/Gam_336.mp4,success,/features/Gam_336.npy,True,1
Gam_337,Hobbies and Crafts,Games,47,7,/videos/Gam_337.mp4,success,/features/Gam_337.npy,True,1
Gam_338,Hobbies and Crafts,Games,48,8,/videos/Gam_338.mp4,success,/features/Gam_338.npy,True,1
Gam_339,Hobbies and Crafts,Games,49,9,/videos/Gam_339.mp4,success,/features/Gam_339.npy,True,1
Gam_340,Hobbies and Crafts,Games,50,10,/videos/Gam_340.mp4,success,/features/Gam_340.npy,True,1
Gam_341,Hobbies and Crafts,Games,1,1,/videos/Gam_341.mp4,success,/features/Gam_341.npy,True,1
Gam_342,Hobbies and Crafts,Games,2,2,/videos/Gam_342.mp4,success,/features/Gam_342.npy,True,1
Gam_343,Hobbies and Crafts,Games,3,3,/videos/Gam_343.mp4,success,/features/Gam_343.npy,True,1
Gam_344,Hobbies and Crafts,Games,4,4,/videos/Gam_344.mp4,success,/features/Gam_344.npy,True,1
Gam_345,Hobbies and Crafts,Games,5,5,/videos/Gam_345.mp4,success,/features/Gam_345.npy,True,1
Gam_346,Hobbies and Crafts,Games,6,6,/videos/Gam_346.mp4,success,/features/Gam_346.npy,True,1
Gam_347,Hobbies and Crafts,Games,7,7,/videos/Gam_347.mp4,success,/features/Gam_347.npy,True,1
Gam_348,Hobbies and Crafts,Games,8,8,/videos/Gam_348.mp4,success,/features/Gam_348.npy,True,1
Gam_349,Hobbies and Crafts,Games,9,9,/videos/Gam_349.mp4,success,/features/Gam_349.npy,True,1
Gam_350,Hobbies and Crafts,Games,10,10,/videos/Gam_350.mp4,success,/features/Gam_350.npy,True,1
Gam_351,Hobbies and Crafts,Games,11,1,/videos/Gam_351.mp4,success,/features/Gam_351.npy,True,1
Gam_352,Hobbies and Crafts,Games,12,2,/videos/Gam_352.mp4,success,/features/Gam_352.npy,True,1
Gam_353,Hobbies and Crafts,Games,13,3,/videos/Gam_353.mp4,success,/features/Gam_353.npy,True,1
Gam_354,Hobbies and Crafts,Games,14,4,/videos/Gam_354.mp4,success,/features/Gam_354.npy,True,1
Gam_355,Hobbies and Crafts,Games,15,5,/videos/Gam_355.mp4,success,/features/Gam_355.npy,True,1
Gam_356,Hobbies and Crafts,Games,16,6,/videos/Gam_356.mp4,success,/features/Gam_356.npy,True,1
Gam_357,Hobbies and Crafts,Games,17,7,/videos/Gam_357.mp4,success,/features/Gam_357.npy,True,1
Gam_358,Hobbies and Crafts,Games,18,8,/videos/Gam_358.mp4,success,/features/Gam_358.npy,True,1
Gam_359,Hobbies and Crafts,Games,19,9,/videos/Gam_359.mp4,success,/features/Gam_359.npy,True,1
Gam_360,Hobbies and Crafts,Games,20,10,/videos/Gam_360.mp4,success,/features/Gam_360.npy,True,1
Gam_361,Hobbies and Crafts,Games,21,1,/videos/Gam_361.mp4,success,/features/Gam_361.npy,True,1
Gam_362,Hobbies and Crafts,Games,22,2,/videos/Gam_362.mp4,success,/features/Gam_362.npy,True,1
Gam_363,Hobbies and Crafts,Games,23,3,/videos/Gam_363.mp4,success,/features/Gam_363.npy,True,1
Gam_364,Hobbies and Crafts,Games,24,4,/videos/Gam_364.mp4,success,/features/Gam_364.npy,True,1
Gam_365,Hobbies and Crafts,Games,25,5,/videos/Gam_365.mp4,success,/features/Gam_365.npy,True,1
Gam_366,Hobbies and Crafts,Games,26,6,/videos/Gam_366.mp4,success,/features/Gam_366.npy,True,1
Gam_367,Hobbies and Crafts,Games,27,7,/videos/Gam_367.mp4,success,/features/Gam_367.npy,True,1
Gam_368,Hobbies and Crafts,Games,28,8,/videos/Gam_368.mp4,success,/features/Gam_368.npy,True,1
Gam_369,Hobbies and Crafts,Games,29,9,/videos/Gam_369.mp4,success,/features/Gam_369.npy,True,1
Gam_370,Hobbies and Crafts,Games,30,10,/videos/Gam_370.mp4,success,/features/Gam_370.npy,True,1
Gam_371,Hobbies and Crafts,Games,31,1,/videos/Gam_371.mp4,success,/features/Gam_371.npy,True,1
Gam_372,Hobbies and Crafts,Games,32,2,/videos/Gam_372.mp4,success,/features/Gam_372.npy,True,1
Gam_373,Hobbies and Crafts,Games,33,3,/videos/Gam_373.mp4,success,/features/Gam_373.npy,True,1
Gam_374,Hobbies and Crafts,Games,34,4,/videos/Gam_374.mp4,success,/features/Gam_374.npy,True,1
Gam_375,Hobbies and Crafts,Games,35,5,/videos/Gam_375.mp4,success,/features/Gam_375.npy,True,1
Gam_376,Hobbies and Crafts,Games,36,6,/videos/Gam_376.mp4,success,/features/Gam_376.npy,True,1
Gam_377,Hobbies and Crafts,Games,37,7,/videos/Gam_377.mp4,success,/features/Gam_377.npy,True,1
Gam_378,Hobbies and Crafts,Games,38,8,/videos/Gam_378.mp4,success,/features/Gam_378.npy,True,1
Gam_379,Hobbies and Crafts,Games,39,9,/videos/Gam_379.mp4,success,/features/Gam_379.npy,True,1
Gam_380,Hobbies and Crafts,Games,40,10,/videos/Gam_380.mp4,success,/features/Gam_380.npy,True,1
Gam_381,Hobbies and Crafts,Games,41,1,/videos/Gam_381.mp4,success,/features/Gam_381.npy,True,1
Gam_382,Hobbies and Crafts,Games,42,2,/videos/Gam_382.mp4,success,/features/Gam_382.npy,True,1
Gam_383,Hobbies and Crafts,Games,43,3,/videos/Gam_383.mp4,success,/features/Gam_383.npy,True,1
Gam_384,Hobbies and Crafts,Games,44,4,/videos/Gam_384.mp4,success,/features/Gam_384.npy,True,1
Gam_385,Hobbies and Crafts,Games,45,5,/videos/Gam_385.mp4,success,/features/Gam_385.npy,True,1
Gam_386,Hobbies and Crafts,Games,46,6,/videos/Gam_386.mp4,success,/features/Gam_386.npy,True,1
Gam_387,Hobbies and Crafts,Games,47,7,/videos/Gam_387.mp4,success,/features/Gam_387.npy,True,1
Gam_388,Hobbies and Crafts,Games,48,8,/videos/Gam_388.mp4,success,/features/Gam_388.npy,True,1
Gam_389,Hobbies and Crafts,Games,49,9,/videos/Gam_389.mp4,success,/features/Gam_389.npy,True,1
Gam_390,Hobbies and Crafts,Games,50,10,/videos/Gam_390.mp4,success,/features/Gam_390.npy,True,1
Gam_391,Hobbies and Crafts,Games,1,1,/videos/Gam_391.mp4,success,/features/Gam_391.npy,True,1
Gam_392,Hobbies and Crafts,Games,2,2,/videos/Gam_392.mp4,success,/features/Gam_392.npy,True,1
Gam_393,Hobbies and Crafts,Games,3,3,/videos/Gam_393.mp4,success,/features/Gam_393.npy,True,1
Gam_394,Hobbies and Crafts,Games,4,4,/videos/Gam_394.mp4,success,/features/Gam_394.npy,True,1
Gam_395,Hobbies and Crafts,Games,5,5,/videos/Gam_395.mp4,success,/features/Gam_395.npy,True,1
Gam_396,Hobbies and Crafts,Games,6,6,/videos/Gam_396.mp4,success,/features/Gam_396.npy,True,1
Gam_397,Hobbies and Crafts,Games,7,7,/videos/Gam_397.mp4,success,/features/Gam_397.npy,True,1
Gam_398,Hobbies and Crafts,Games,8,8,/videos/Gam_398.mp4,success,/features/Gam_398.npy,True,1
Gam_399,Hobbies and Crafts,Games,9,9,/videos/Gam_399.mp4,success,/features/Gam_399.npy,True,1
Gam_400,Hobbies and Crafts,Games,10,10,/videos/Gam_400.mp4,success,/features/Gam_400.npy,True,1
Gam_401,Hobbies and Crafts,Games,11,1,/videos/Gam_401.mp4,success,/features/Gam_401.npy,True,1
Gam_402,Hobbies and Crafts,Games,12,2,/videos/Gam_402.mp4,success,/features/Gam_402.npy,True,1
Gam_403,Hobbies and Crafts,Games,13,3,/videos/Gam_403.mp4,success,/features/Gam_403.npy,True,1
Gam_404,Hobbies and Crafts,Games,14,4,/videos/Gam_404.mp4,success,/features/Gam_404.npy,True,1
Gam_405,Hobbies and Crafts,Games,15,5,/videos/Gam_405.mp4,success,/features/Gam_405.npy,True,1
Gam_406,Hobbies and Crafts,Games,16,6,/videos/Gam_406.mp4,success,/features/Gam_406.npy,True,1
Gam_407,Hobbies and Crafts,Games,17,7,/videos/Gam_407.mp4,success,/features/Gam_407.npy,True,1
Gam_408,Hobbies and Crafts,Games,18,8,/videos/Gam_408.mp4,success,/features/Gam_408.npy,True,1
Gam_409,Hobbies and Crafts,Games,19,9,/videos/Gam_409.mp4,success,/features/Gam_409.npy,True,1
Gam_410,Hobbies and Crafts,Games,20,10,/videos/Gam_410.mp4,success,/features/Gam_410.npy,True,1
Gam_411,Hobbies and Crafts,Games,21,1,/videos/Gam_411.mp4,success,/features/Gam_411.npy,True,1
Gam_412,Hobbies and Crafts,Games,22,2,/videos/Gam_412.mp4,success,/features/Gam_412.npy,True,1
Gam_413,Hobbies and Crafts,Games,23,3,/videos/Gam_413.mp4,success,/features/Gam_413.npy,True,1
Gam_414,Hobbies and Crafts,Games,24,4,/videos/Gam_414.mp4,success,/features/Gam_414.npy,True,1
Gam_415,Hobbies and Crafts,Games,25,5,/videos/Gam_415.mp4,success,/features/Gam_415.npy,True,1
Gam_416,Hobbies and Crafts,Games,26,6,/videos/Gam_416.mp4,success,/features/Gam_416.npy,True,1
Gam_417,Hobbies and Crafts,Games,27,7,/videos/Gam_417.mp4,success,/features/Gam_417.npy,True,1
Gam_418,Hobbies and Crafts,Games,28,8,/videos/Gam_418.mp4,success,/features/Gam_418.npy,True,1
Gam_419,Hobbies and Crafts,Games,29,9,/videos/Gam_419.mp4,success,/features/Gam_419.npy,True,1
Gam_420,Hobbies and Crafts,Games,30,10,/videos/Gam_420.mp4,success,/features/Gam_420.npy,True,1
Gam_421,Hobbies and Crafts,Games,31,1,/videos/Gam_421.mp4,success,/features/Gam_421.npy,True,1
Gam_422,Hobbies and Crafts,Games,32,2,/videos/Gam_422.mp4,success,/features/Gam_422.npy,True,1
Gam_423,Hobbies and Crafts,Games,33,3,/videos/Gam_423.mp4,success,/features/Gam_423.npy,True,1
Gam_424,Hobbies and Crafts,Games,34,4,/videos/Gam_424.mp4,success,/features/Gam_424.npy,True,1
Gam_425,Hobbies and Crafts,Games,35,5,/videos/Gam_425.mp4,success,/features/Gam_425.npy,True,1
Gam_426,Hobbies and Crafts,Games,36,6,/videos/Gam_426.mp4,success,/features/Gam_426.npy,True,1
Gam_427,Hobbies and Crafts,Games,37,7,/videos/Gam_427.mp4,success,/features/Gam_427.npy,True,1
Gam_428,Hobbies and Crafts,Games,38,8,/videos/Gam_428.mp4,success,/features/Gam_428.npy,True,1
Gam_429,Hobbies and Crafts,Games,39,9,/videos/Gam_429.mp4,success,/features/Gam_429.npy,True,1
Gam_430,Hobbies and Crafts,Games,40,10,/videos/Gam_430.mp4,success,/features/Gam_430.npy,True,1
Gam_431,Hobbies and Crafts,Games,41,1,/videos/Gam_431.mp4,success,/features/Gam_431.npy,True,1
Gam_432,Hobbies and Crafts,Games,42,2,/videos/Gam_432.mp4,success,/features/Gam_432.npy,True,1
Gam_433,Hobbies and Crafts,Games,43,3,/videos/Gam_433.mp4,success,/features/Gam_433.npy,True,1
Gam_434,Hobbies and Crafts,Games,44,4,/videos/Gam_434.mp4,success,/features/Gam_434.npy,True,1
Gam_435,Hobbies and Crafts,Games,45,5,/videos/Gam_435.mp4,success,/features/Gam_435.npy,True,1
Gam_436,Hobbies and Crafts,Games,46,6,/videos/Gam_436.mp4,success,/features/Gam_436.npy,True,1
Gam_437,Hobbies and Crafts,Games,47,7,/videos/Gam_437.mp4,success,/features/Gam_437.npy,True,1
Gam_438,Hobbies and Crafts,Games,48,8,/videos/Gam_438.mp4,success,/features/Gam_438.npy,True,1
Gam_439,Hobbies and Crafts,Games,49,9,/videos/Gam_439.mp4,success,/features/Gam_439.npy,True,1
Gam_440,Hobbies and Crafts,Games,50,10,/videos/Gam_440.mp4,success,/features/Gam_440.npy,True,1
Gam_441,Hobbies and Crafts,Games,1,1,/videos/Gam_441.mp4,success,/features/Gam_441.npy,True,1
Gam_442,Hobbies and Crafts,Games,2,2,/videos/Gam_442.mp4,success,/features/Gam_442.npy,True,1
Gam_443,Hobbies and Crafts,Games,3,3,/videos/Gam_443.mp4,success,/features/Gam_443.npy,True,1
Gam_444,Hobbies and Crafts,Games,4,4,/videos/Gam_444.mp4,success,/features/Gam_444.npy,True,1
Gam_445,Hobbies and Crafts,Games,5,5,/videos/Gam_445.mp4,success,/features/Gam_445.npy,True,1
Gam_446,Hobbies and Crafts,Games,6,6,/videos/Gam_446.mp4,success,/features/Gam_446.npy,True,1
Gam_447,Hobbies and Crafts,Games,7,7,/videos/Gam_447.mp4,success,/features/Gam_447.npy,True,1
Gam_448,Hobbies and Crafts,Games,8,8,/videos/Gam_448.mp4,success,/features/Gam_448.npy,True,1
Gam_449,Hobbies and Crafts,Games,9,9,/videos/Gam_449.mp4,success,/features/Gam_449.npy,True,1
Gam_450,Hobbies and Crafts,Games,10,10,/videos/Gam_450.mp4,success,/features/Gam_450.npy,True,1
Gam_451,Hobbies and Crafts,Games,11,1,/videos/Gam_451.mp4,success,/features/Gam_451.npy,True,1
Gam_452,Hobbies and Crafts,Games,12,2,/videos/Gam_452.mp4,success,/features/Gam_452.npy,True,1
Gam_453,Hobbies and Crafts,Games,13,3,/videos/Gam_453.mp4,success,/features/Gam_453.npy,True,1
Gam_454,Hobbies and Crafts,Games,14,4,/videos/Gam_454.mp4,success,/features/Gam_454.npy,True,1
Gam_455,Hobbies and Crafts,Games,15,5,/videos/Gam_455.mp4,success,/features/Gam_455.npy,True,1
Gam_456,Hobbies and Crafts,Games,16,6,/videos/Gam_456.mp4,success,/features/Gam_456.npy,True,1
Gam_457,Hobbies and Crafts,Games,17,7,/videos/Gam_457.mp4,success,/features/Gam_457.npy,True,1
Gam_458,Hobbies and Crafts,Games,18,8,/videos/Gam_458.mp4,success,/features/Gam_458.npy,True,1
Gam_459,Hobbies and Crafts,Games,19,9,/videos/Gam_459.mp4,success,/features/Gam_459.npy,True,1
Gam_460,Hobbies and Crafts,Games,20,10,/videos/Gam_460.mp4,success,/features/Gam_460.npy,True,1
Gam_461,Hobbies and Crafts,Games,21,1,/videos/Gam_461.mp4,success,/features/Gam_461.npy,True,1
Gam_462,Hobbies and Crafts,Games,22,2,/videos/Gam_462.mp4,success,/features/Gam_462.npy,True,1
Gam_463,Hobbies and Crafts,Games,23,3,/videos/Gam_463.mp4,success,/features/Gam_463.npy,True,1
Gam_464,Hobbies and Crafts,Games,24,4,/videos/Gam_464.mp4,success,/features/Gam_464.npy,True,1
Gam_465,Hobbies and Crafts,Games,25,5,/videos/Gam_465.mp4,success,/features/Gam_465.npy,True,1
Gam_466,Hobbies and Crafts,Games,26,6,/videos/Gam_466.mp4,success,/features/Gam_466.npy,True,1
Gam_467,Hobbies and Crafts,Games,27,7,/videos/Gam_467.mp4,success,/features/Gam_467.npy,True,1
Gam_468,Hobbies and Crafts,Games,28,8,/videos/Gam_468.mp4,success,/features/Gam_468.npy,True,1
Gam_469,Hobbies and Crafts,Games,29,9,/videos/Gam_469.mp4,success,/features/Gam_469.npy,True,1
Gam_470,Hobbies and Crafts,Games,30,10,/videos/Gam_470.mp4,success,/features/Gam_470.npy,True,1
Gam_471,Hobbies and Crafts,Games,31,1,/videos/Gam_471.mp4,success,/features/Gam_471.npy,True,1
Gam_472,Hobbies and Crafts,Games,32,2,/videos/Gam_472.mp4,success,/features/Gam_472.npy,True,1
Gam_473,Hobbies and Crafts,Games,33,3,/videos/Gam_473.mp4,success,/features/Gam_473.npy,True,1
Gam_474,Hobbies and Crafts,Games,34,4,/videos/Gam_474.mp4,success,/features/Gam_474.npy,True,1
Gam_475,Hobbies and Crafts,Games,35,5,/videos/Gam_475.mp4,success,/features/Gam_475.npy,True,1
Gam_476,Hobbies and Crafts,Games,36,6,/videos/Gam_476.mp4,success,/features/Gam_476.npy,True,1
Gam_477,Hobbies and Crafts,Games,37,7,/videos/Gam_477.mp4,success,/features/Gam_477.npy,True,1
Gam_478,Hobbies and Crafts,Games,38,8,/videos/Gam_478.mp4,success,/features/Gam_478.npy,True,1
Gam_479,Hobbies and Crafts,Games,39,9,/videos/Gam_479.mp4,success,/features/Gam_479.npy,True,1
Gam_480,Hobbies and Crafts,Games,40,10,/videos/Gam_480.mp4,success,/features/Gam_480.npy,True,1
Toy_481,Hobbies and Crafts,Toys,1,1,/videos/Toy_481.mp4,success,/features/Toy_481.npy,True,2
Toy_482,Hobbies and Crafts,Toys,2,2,/videos/Toy_482.mp4,success,/features/Toy_482.npy,True,2
Toy_483,Hobbies and Crafts,Toys,3,3,/videos/Toy_483.mp4,success,/features/Toy_483.npy,True,2
Toy_484,Hobbies and Crafts,Toys,4,4,/videos/Toy_484.mp4,success,/features/Toy_484.npy,True,2
Toy_485,Hobbies and Crafts,Toys,5,5,/videos/Toy_485.mp4,success,/features/Toy_485.npy,True,2
Toy_486,Hobbies and Crafts,Toys,6,6,/videos/Toy_486.mp4,success,/features/Toy_486.npy,True,2
Toy_487,Hobbies and Crafts,Toys,7,7,/videos/Toy_487.mp4,success,/features/Toy_487.npy,True,2
Toy_488,Hobbies and Crafts,Toys,8,8,/videos/Toy_488.mp4,success,/features/Toy_488.npy,True,2
Toy_489,Hobbies and Crafts,Toys,9,9,/videos/Toy_489.mp4,success,/features/Toy_489.npy,True,2
Toy_490,Hobbies and Crafts,Toys,10,10,/videos/Toy_490.mp4,success,/features/Toy_490.npy,True,2
Toy_491,Hobbies and Crafts,Toys,11,1,/videos/Toy_491.mp4,success,/features/Toy_491.npy,True,2
Toy_492,Hobbies and Crafts,Toys,12,2,/videos/Toy_492.mp4,success,/features/Toy_492.npy,True,2
Toy_493,Hobbies and Crafts,Toys,13,3,/videos/Toy_493.mp4,success,/features/Toy_493.npy,True,2
Toy_494,Hobbies and Crafts,Toys,14,4,/videos/Toy_494.mp4,success,/features/Toy_494.npy,True,2
Toy_495,Hobbies and Crafts,Toys,15,5,/videos/Toy_495.mp4,success,/features/Toy_495.npy,True,2
Toy_496,Hobbies and Crafts,Toys,16,6,/videos/Toy_496.mp4,success,/features/Toy_496.npy,True,2
Toy_497,Hobbies and Crafts,Toys,17,7,/videos/Toy_497.mp4,success,/features/Toy_497.npy,True,2
Toy_498,Hobbies and Crafts,Toys,18,8,/videos/Toy_498.mp4,success,/features/Toy_498.npy,True,2
Toy_499,Hobbies and Crafts,Toys,19,9,/videos/Toy_499.mp4,success,/features/Toy_499.npy,True,2
Toy_500,Hobbies and Crafts,Toys,20,10,/videos/Toy_500.mp4,success,/features/Toy_500.npy,True,2
Toy_501,Hobbies and Crafts,Toys,21,1,/videos/Toy_501.mp4,success,/features/Toy_501.npy,True,2
Toy_502,Hobbies and Crafts,Toys,22,2,/videos/Toy_502.mp4,success,/features/Toy_502.npy,True,2
Toy_503,Hobbies and Crafts,Toys,23,3,/videos/Toy_503.mp4,success,/features/Toy_503.npy,True,2
Toy_504,Hobbies and Crafts,Toys,24,4,/videos/Toy_504.mp4,success,/features/Toy_504.npy,True,2
Toy_505,Hobbies and Crafts,Toys,25,5,/videos/Toy_505.mp4,success,/features/Toy_505.npy,True,2
Toy_506,Hobbies and Crafts,Toys,26,6,/videos/Toy_506.mp4,success,/features/Toy_506.npy,True,2
Toy_507,Hobbies and Crafts,Toys,27,7,/videos/Toy_507.mp4,success,/features/Toy_507.npy,True,2
Toy_508,Hobbies and Crafts,Toys,28,8,/videos/Toy_508.mp4,success,/features/Toy_508.npy,True,2
Toy_509,Hobbies and Crafts,Toys,29,9,/videos/Toy_509.mp4,success,/features/Toy_509.npy,True,2
Toy_510,Hobbies and Crafts,Toys,30,10,/videos/Toy_510.mp4,success,/features/Toy_510.npy,True,2
Toy_511,Hobbies and Crafts,Toys,31,1,/videos/Toy_511.mp4,success,/features/Toy_511.npy,True,2
Toy_512,Hobbies and Crafts,Toys,32,2,/videos/Toy_512.mp4,success,/features/Toy_512.npy,True,2
Toy_513,Hobbies and Crafts,Toys,33,3,/videos/Toy_513.mp4,success,/features/Toy_513.npy,True,2
Toy_514,Hobbies and Crafts,Toys,34,4,/videos/Toy_514.mp4,success,/features/Toy_514.npy,True,2
Toy_515,Hobbies and Crafts,Toys,35,5,/videos/Toy_515.mp4,success,/features/Toy_515.npy,True,2
Toy_516,Hobbies and Crafts,Toys,36,6,/videos/Toy_516.mp4,success,/features/Toy_516.npy,True,2
Toy_517,Hobbies and Crafts,Toys,37,7,/videos/Toy_517.mp4,success,/features/Toy_517.npy,True,2
Toy_518,Hobbies and Crafts,Toys,38,8,/videos/Toy_518.mp4,success,/features/Toy_518.npy,True,2
Toy_519,Hobbies and Crafts,Toys,39,9,/videos/Toy_519.mp4,success,/features/Toy_519.npy,True,2
Toy_520,Hobbies and Crafts,Toys,40,10,/videos/Toy_520.mp4,success,/features/Toy_520.npy,True,2
Toy_521,Hobbies and Crafts,Toys,41,1,/videos/Toy_521.mp4,success,/features/Toy_521.npy,True,2
Toy_522,Hobbies and Crafts,Toys,42,2,/videos/Toy_522.mp4,success,/features/Toy_522.npy,True,2
Toy_523,Hobbies and Crafts,Toys,43,3,/videos/Toy_523.mp4,success,/features/Toy_523.npy,True,2
Toy_524,Hobbies and Crafts,Toys,44,4,/videos/Toy_524.mp4,success,/features/Toy_524.npy,True,2
Toy_525,Hobbies and Crafts,Toys,45,5,/videos/Toy_525.mp4,success,/features/Toy_525.npy,True,2
Toy_526,Hobbies and Crafts,Toys,46,6,/videos/Toy_526.mp4,success,/features/Toy_526.npy,True,2
Toy_527,Hobbies and Crafts,Toys,47,7,/videos/Toy_527.mp4,success,/features/Toy_527.npy,True,2
Toy_528,Hobbies and Crafts,Toys,48,8,/videos/Toy_528.mp4,success,/features/Toy_528.npy,True,2
Toy_529,Hobbies and Crafts,Toys,49,9,/videos/Toy_529.mp4,success,/features/Toy_529.npy,True,2
Toy_530,Hobbies and Crafts,Toys,50,10,/videos/Toy_530.mp4,success,/features/Toy_530.npy,True,2
Toy_531,Hobbies and Crafts,Toys,1,1,/videos/Toy_531.mp4,success,/features/Toy_531.npy,True,2
Toy_532,Hobbies and Crafts,Toys,2,2,/videos/Toy_532.mp4,success,/features/Toy_532.npy,True,2
Toy_533,Hobbies and Crafts,Toys,3,3,/videos/Toy_533.mp4,success,/features/Toy_533.npy,True,2
Toy_534,Hobbies and Crafts,Toys,4,4,/videos/Toy_534.mp4,success,/features/Toy_534.npy,True,2
Toy_535,Hobbies and Crafts,Toys,5,5,/videos/Toy_535.mp4,success,/features/Toy_535.npy,True,2
Toy_536,Hobbies and Crafts,Toys,6,6,/videos/Toy_536.mp4,success,/features/Toy_536.npy,True,2
Toy_537,Hobbies and Crafts,Toys,7,7,/videos/Toy_537.mp4,success,/features/Toy_537.npy,True,2
Toy_538,Hobbies and Crafts,Toys,8,8,/videos/Toy_538.mp4,success,/features/Toy_538.npy,True,2
Toy_539,Hobbies and Crafts,Toys,9,9,/videos/Toy_539.mp4,success,/features/Toy_539.npy,True,2
Toy_540,Hobbies and Crafts,Toys,10,10,/videos/Toy_540.mp4,success,/features/Toy_540.npy,True,2
Toy_541,Hobbies and Crafts,Toys,11,1,/videos/Toy_541.mp4,success,/features/Toy_541.npy,True,2
Toy_542,Hobbies and Crafts,Toys,12,2,/videos/Toy_542.mp4,success,/features/Toy_542.npy,True,2
Toy_543,Hobbies and Crafts,Toys,13,3,/videos/Toy_543.mp4,success,/features/Toy_543.npy,True,2
Toy_544,Hobbies and Crafts,Toys,14,4,/videos/Toy_544.mp4,success,/features/Toy_544.npy,True,2
Toy_545,Hobbies and Crafts,Toys,15,5,/videos/Toy_545.mp4,success,/features/Toy_545.npy,True,2
Toy_546,Hobbies and Crafts,Toys,16,6,/videos/Toy_546.mp4,success,/features/Toy_546.npy,True,2
Toy_547,Hobbies and Crafts,Toys,17,7,/videos/Toy_547.mp4,success,/features/Toy_547.npy,True,2
Toy_548,Hobbies and Crafts,Toys,18,8,/videos/Toy_548.mp4,success,/features/Toy_548.npy,True,2
Toy_549,Hobbies and Crafts,Toys,19,9,/videos/Toy_549.mp4,success,/features/Toy_549.npy,True,2
Toy_550,Hobbies and Crafts,Toys,20,10,/videos/Toy_550.mp4,success,/features/Toy_550.npy,True,2
Toy_551,Hobbies and Crafts,Toys,21,1,/videos/Toy_551.mp4,success,/features/Toy_551.npy,True,2
Toy_552,Hobbies and Crafts,Toys,22,2,/videos/Toy_552.mp4,success,/features/Toy_552.npy,True,2
Toy_553,Hobbies and Crafts,Toys,23,3,/videos/Toy_553.mp4,success,/features/Toy_553.npy,True,2
Toy_554,Hobbies and Crafts,Toys,24,4,/videos/Toy_554.mp4,success,/features/Toy_554.npy,True,2
Toy_555,Hobbies and Crafts,Toys,25,5,/videos/Toy_555.mp4,success,/features/Toy_555.npy,True,2
Toy_556,Hobbies and Crafts,Toys,26,6,/videos/Toy_556.mp4,success,/features/Toy_556.npy,True,2
Toy_557,Hobbies and Crafts,Toys,27,7,/videos/Toy_557.mp4,success,/features/Toy_557.npy,True,2
Toy_558,Hobbies and Crafts,Toys,28,8,/videos/Toy_558.mp4,success,/features/Toy_558.npy,True,2
Toy_559,Hobbies and Crafts,Toys,29,9,/videos/Toy_559.mp4,success,/features/Toy_559.npy,True,2
Toy_560,Hobbies and Crafts,Toys,30,10,/videos/Toy_560.mp4,success,/features/Toy_560.npy,True,2
Toy_561,Hobbies and Crafts,Toys,31,1,/videos/Toy_561.mp4,success,/features/Toy_561.npy,True,2
Toy_562,Hobbies and Crafts,Toys,32,2,/videos/Toy_562.mp4,success,/features/Toy_562.npy,True,2
Toy_563,Hobbies and Crafts,Toys,33,3,/videos/Toy_563.mp4,success,/features/Toy_563.npy,True,2
Toy_564,Hobbies and Crafts,Toys,34,4,/videos/Toy_564.mp4,success,/features/Toy_564.npy,True,2
Toy_565,Hobbies and Crafts,Toys,35,5,/videos/Toy_565.mp4,success,/features/Toy_565.npy,True,2
Toy_566,Hobbies and Crafts,Toys,36,6,/videos/Toy_566.mp4,success,/features/Toy_566.npy,True,2
Toy_567,Hobbies and Crafts,Toys,37,7,/videos/Toy_567.mp4,success,/features/Toy_567.npy,True,2
Toy_568,Hobbies and Crafts,Toys,38,8,/videos/Toy_568.mp4,success,/features/Toy_568.npy,True,2
Toy_569,Hobbies and Crafts,Toys,39,9,/videos/Toy_569.mp4,success,/features/Toy_569.npy,True,2
Toy_570,Hobbies and Crafts,Toys,40,10,/videos/Toy_570.mp4,success,/features/Toy_570.npy,True,2
Toy_571,Hobbies and Crafts,Toys,41,1,/videos/Toy_571.mp4,success,/features/Toy_571.npy,True,2
Toy_572,Hobbies and Crafts,Toys,42,2,/videos/Toy_572.mp4,success,/features/Toy_572.npy,True,2
Toy_573,Hobbies and Crafts,Toys,43,3,/videos/Toy_573.mp4,success,/features/Toy_573.npy,True,2
Toy_574,Hobbies and Crafts,Toys,44,4,/videos/Toy_574.mp4,success,/features/Toy_574.npy,True,2
Toy_575,Hobbies and Crafts,Toys,45,5,/videos/Toy_575.mp4,success,/features/Toy_575.npy,True,2
Toy_576,Hobbies and Crafts,Toys,46,6,/videos/Toy_576.mp4,success,/features/Toy_576.npy,True,2
Toy_577,Hobbies and Crafts,Toys,47,7,/videos/Toy_577.mp4,success,/features/Toy_577.npy,True,2
Toy_578,Hobbies and Crafts,Toys,48,8,/videos/Toy_578.mp4,success,/features/Toy_578.npy,True,2
Toy_579,Hobbies and Crafts,Toys,49,9,/videos/Toy_579.mp4,success,/features/Toy_579.npy,True,2
Toy_580,Hobbies and Crafts,Toys,50,10,/videos/Toy_580.mp4,success,/features/Toy_580.npy,True,2
Toy_581,Hobbies and Crafts,Toys,1,1,/videos/Toy_581.mp4,success,/features/Toy_581.npy,True,2
Toy_582,Hobbies and Crafts,Toys,2,2,/videos/Toy_582.mp4,success,/features/Toy_582.npy,True,2
Toy_583,Hobbies and Crafts,Toys,3,3,/videos/Toy_583.mp4,success,/features/Toy_583.npy,True,2
Toy_584,Hobbies and Crafts,Toys,4,4,/videos/Toy_584.mp4,success,/features/Toy_584.npy,True,2
Toy_585,Hobbies and Crafts,Toys,5,5,/videos/Toy_585.mp4,success,/features/Toy_585.npy,True,2
Toy_586,Hobbies and Crafts,Toys,6,6,/videos/Toy_586.mp4,success,/features/Toy_586.npy,True,2
Toy_587,Hobbies and Crafts,Toys,7,7,/videos/Toy_587.mp4,success,/features/Toy_587.npy,True,2
Toy_588,Hobbies and Crafts,Toys,8,8,/videos/Toy_588.mp4,success,/features/Toy_588.npy,True,2
Toy_589,Hobbies and Crafts,Toys,9,9,/videos/Toy_589.mp4,success,/features/Toy_589.npy,True,2
Toy_590,Hobbies and Crafts,Toys,10,10,/videos/Toy_590.mp4,success,/features/Toy_590.npy,True,2
Toy_591,Hobbies and Crafts,Toys,11,1,/videos/Toy_591.mp4,success,/features/Toy_591.npy,True,2
Toy_592,Hobbies and Crafts,Toys,12,2,/videos/Toy_592.mp4,success,/features/Toy_592.npy,True,2
Toy_593,Hobbies and Crafts,Toys,13,3,/videos/Toy_593.mp4,success,/features/Toy_593.npy,True,2
Toy_594,Hobbies and Crafts,Toys,14,4,/videos/Toy_594.mp4,success,/features/Toy_594.npy,True,2
Toy_595,Hobbies and Crafts,Toys,15,5,/videos/Toy_595.mp4,success,/features/Toy_595.npy,True,2
Toy_596,Hobbies and Crafts,Toys,16,6,/videos/Toy_596.mp4,success,/features/Toy_596.npy,True,2
Toy_597,Hobbies and Crafts,Toys,17,7,/videos/Toy_597.mp4,success,/features/Toy_597.npy,True,2
Toy_598,Hobbies and Crafts,Toys,18,8,/videos/Toy_598.mp4,success,/features/Toy_598.npy,True,2
Toy_599,Hobbies and Crafts,Toys,19,9,/videos/Toy_599.mp4,success,/features/Toy_599.npy,True,2
Toy_600,Hobbies and Crafts,Toys,20,10,/videos/Toy_600.mp4,success,/features/Toy_600.npy,True,2
Toy_601,Hobbies and Crafts,Toys,21,1,/videos/Toy_601.mp4,success,/features/Toy_601.npy,True,2
Toy_602,Hobbies and Crafts,Toys,22,2,/videos/Toy_602.mp4,success,/features/Toy_602.npy,True,2
Toy_603,Hobbies and Crafts,Toys,23,3,/videos/Toy_603.mp4,success,/features/Toy_603.npy,True,2
Toy_604,Hobbies and Crafts,Toys,24,4,/videos/Toy_604.mp4,success,/features/Toy_604.npy,True,2
Toy_605,Hobbies and Crafts,Toys,25,5,/videos/Toy_605.mp4,success,/features/Toy_605.npy,True,2
Toy_606,Hobbies and Crafts,Toys,26,6,/videos/Toy_606.mp4,success,/features/Toy_606.npy,True,2
Toy_607,Hobbies and Crafts,Toys,27,7,/videos/Toy_607.mp4,success,/features/Toy_607.npy,True,2
Toy_608,Hobbies and Crafts,Toys,28,8,/videos/Toy_608.mp4,success,/features/Toy_608.npy,True,2
Toy_609,Hobbies and Crafts,Toys,29,9,/videos/Toy_609.mp4,success,/features/Toy_609.npy,True,2
Toy_610,Hobbies and Crafts,Toys,30,10,/videos/Toy_610.mp4,success,/features/Toy_610.npy,True,2
Toy_611,Hobbies and Crafts,Toys,31,1,/videos/Toy_611.mp4,success,/features/Toy_611.npy,True,2
Toy_612,Hobbies and Crafts,Toys,32,2,/videos/Toy_612.mp4,success,/features/Toy_612.npy,True,2
Toy_613,Hobbies and Crafts,Toys,33,3,/videos/Toy_613.mp4,success,/features/Toy_613.npy,True,2
Toy_614,Hobbies and Crafts,Toys,34,4,/videos/Toy_614.mp4,success,/features/Toy_614.npy,True,2
Toy_615,Hobbies and Crafts,Toys,35,5,/videos/Toy_615.mp4,success,/features/Toy_615.npy,True,2
Toy_616,Hobbies and Crafts,Toys,36,6,/videos/Toy_616.mp4,success,/features/Toy_616.npy,True,2
Toy_617,Hobbies and Crafts,Toys,37,7,/videos/Toy_617.mp4,success,/features/Toy_617.npy,True,2
Toy_618,Hobbies and Crafts,Toys,38,8,/videos/Toy_618.mp4,success,/features/Toy_618.npy,True,2
Toy_619,Hobbies and Crafts,Toys,39,9,/videos/Toy_619.mp4,success,/features/Toy_619.npy,True,2
Toy_620,Hobbies and Crafts,Toys,40,10,/videos/Toy_620.mp4,success,/features/Toy_620.npy,True,2
Toy_621,Hobbies and Crafts,Toys,41,1,/videos/Toy_621.mp4,success,/features/Toy_621.npy,True,2
Toy_622,Hobbies and Crafts,Toys,42,2,/videos/Toy_622.mp4,success,/features/Toy_622.npy,True,2
Toy_623,Hobbies and Crafts,Toys,43,3,/videos/Toy_623.mp4,success,/features/Toy_623.npy,True,2
Toy_624,Hobbies and Crafts,Toys,44,4,/videos/Toy_624.mp4,success,/features/Toy_624.npy,True,2
Toy_625,Hobbies and Crafts,Toys,45,5,/videos/Toy_625.mp4,success,/features/Toy_625.npy,True,2
Toy_626,Hobbies and Crafts,Toys,46,6,/videos/Toy_626.mp4,success,/features/Toy_626.npy,True,2
Toy_627,Hobbies and Crafts,Toys,47,7,/videos/Toy_627.mp4,success,/features/Toy_627.npy,True,2
Toy_628,Hobbies and Crafts,Toys,48,8,/videos/Toy_628.mp4,success,/features/Toy_628.npy,True,2
Toy_629,Hobbies and Crafts,Toys,49,9,/videos/Toy_629.mp4,success,/features/Toy_629.npy,True,2
Toy_630,Hobbies and Crafts,Toys,50,10,/videos/Toy_630.mp4,success,/features/Toy_630.npy,True,2
Toy_631,Hobbies and Crafts,Toys,1,1,/videos/Toy_631.mp4,success,/features/Toy_631.npy,True,2
Toy_632,Hobbies and Crafts,Toys,2,2,/videos/Toy_632.mp4,success,/features/Toy_632.npy,True,2
Toy_633,Hobbies and Crafts,Toys,3,3,/videos/Toy_633.mp4,success,/features/Toy_633.npy,True,2
Toy_634,Hobbies and Crafts,Toys,4,4,/videos/Toy_634.mp4,success,/features/Toy_634.npy,True,2
Toy_635,Hobbies and Crafts,Toys,5,5,/videos/Toy_635.mp4,success,/features/Toy_635.npy,True,2
Toy_636,Hobbies and Crafts,Toys,6,6,/videos/Toy_636.mp4,success,/features/Toy_636.npy,True,2
Toy_637,Hobbies and Crafts,Toys,7,7,/videos/Toy_637.mp4,success,/features/Toy_637.npy,True,2
Toy_638,Hobbies and Crafts,Toys,8,8,/videos/Toy_638.mp4,success,/features/Toy_638.npy,True,2
Toy_639,Hobbies and Crafts,Toys,9,9,/videos/Toy_639.mp4,success,/features/Toy_639.npy,True,2
Toy_640,Hobbies and Crafts,Toys,10,10,/videos/Toy_640.mp4,success,/features/Toy_640.npy,True,2
Toy_641,Hobbies and Crafts,Toys,11,1,/videos/Toy_641.mp4,success,/features/Toy_641.npy,True,2
Toy_642,Hobbies and Crafts,Toys,12,2,/videos/Toy_642.mp4,success,/features/Toy_642.npy,True,2
Toy_643,Hobbies and Crafts,Toys,13,3,/videos/Toy_643.mp4,success,/features/Toy_643.npy,True,2
Toy_644,Hobbies and Crafts,Toys,14,4,/videos/Toy_644.mp4,success,/features/Toy_644.npy,True,2
Toy_645,Hobbies and Crafts,Toys,15,5,/videos/Toy_645.mp4,success,/features/Toy_645.npy,True,2
Toy_646,Hobbies and Crafts,Toys,16,6,/videos/Toy_646.mp4,success,/features/Toy_646.npy,True,2
Toy_647,Hobbies and Crafts,Toys,17,7,/videos/Toy_647.mp4,success,/features/Toy_647.npy,True,2
Toy_648,Hobbies and Crafts,Toys,18,8,/videos/Toy_648.mp4,success,/features/Toy_648.npy,True,2
Toy_649,Hobbies and Crafts,Toys,19,9,/videos/Toy_649.mp4,success,/features/Toy_649.npy,True,2
Toy_650,Hobbies and Crafts,Toys,20,10,/videos/Toy_650.mp4,success,/features/Toy_650.npy,True,2
Toy_651,Hobbies and Crafts,Toys,21,1,/videos/Toy_651.mp4,success,/features/Toy_651.npy,True,2
Toy_652,Hobbies and Crafts,Toys,22,2,/videos/Toy_652.mp4,success,/features/Toy_652.npy,True,2
Toy_653,Hobbies and Crafts,Toys,23,3,/videos/Toy_653.mp4,success,/features/Toy_653.npy,True,2
Toy_654,Hobbies and Crafts,Toys,24,4,/videos/Toy_654.mp4,success,/features/Toy_654.npy,True,2
Toy_655,Hobbies and Crafts,Toys,25,5,/videos/Toy_655.mp4,success,/features/Toy_655.npy,True,2
Toy_656,Hobbies and Crafts,Toys,26,6,/videos/Toy_656.mp4,success,/features/Toy_656.npy,True,2
Toy_657,Hobbies and Crafts,Toys,27,7,/videos/Toy_657.mp4,success,/features/Toy_657.npy,True,2
Toy_658,Hobbies and Crafts,Toys,28,8,/videos/Toy_658.mp4,success,/features/Toy_658.npy,True,2
Toy_659,Hobbies and Crafts,Toys,29,9,/videos/Toy_659.mp4,success,/features/Toy_659.npy,True,2
Toy_660,Hobbies and Crafts,Toys,30,10,/videos/Toy_660.mp4,success,/features/Toy_660.npy,True,2
Toy_661,Hobbies and Crafts,Toys,31,1,/videos/Toy_661.mp4,success,/features/Toy_661.npy,True,2
Toy_662,Hobbies and Crafts,Toys,32,2,/videos/Toy_662.mp4,success,/features/Toy_662.npy,True,2
Toy_663,Hobbies and Crafts,Toys,33,3,/videos/Toy_663.mp4,success,/features/Toy_663.npy,True,2
Toy_664,Hobbies and Crafts,Toys,34,4,/videos/Toy_664.mp4,success,/features/Toy_664.npy,True,2
Toy_665,Hobbies and Crafts,Toys,35,5,/videos/Toy_665.mp4,success,/features/Toy_665.npy,True,2
Toy_666,Hobbies and Crafts,Toys,36,6,/videos/Toy_666.mp4,success,/features/Toy_666.npy,True,2
Toy_667,Hobbies and Crafts,Toys,37,7,/videos/Toy_667.mp4,success,/features/Toy_667.npy,True,2
Toy_668,Hobbies and Crafts,Toys,38,8,/videos/Toy_668.mp4,success,/features/Toy_668.npy,True,2
Toy_669,Hobbies and Crafts,Toys,39,9,/videos/Toy_669.mp4,success,/features/Toy_669.npy,True,2
Toy_670,Hobbies and Crafts,Toys,40,10,/videos/Toy_670.mp4,success,/features/Toy_670.npy,True,2
Toy_671,Hobbies and Crafts,Toys,41,1,/videos/Toy_671.mp4,success,/features/Toy_671.npy,True,2
Toy_672,Hobbies and Crafts,Toys,42,2,/videos/Toy_672.mp4,success,/features/Toy_672.npy,True,2
Toy_673,Hobbies and Crafts,Toys,43,3,/videos/Toy_673.mp4,success,/features/Toy_673.npy,True,2
Toy_674,Hobbies and Crafts,Toys,44,4,/videos/Toy_674.mp4,success,/features/Toy_674.npy,True,2
Toy_675,Hobbies and Crafts,Toys,45,5,/videos/Toy_675.mp4,success,/features/Toy_675.npy,True,2
Toy_676,Hobbies and Crafts,Toys,46,6,/videos/Toy_676.mp4,success,/features/Toy_676.npy,True,2
Toy_677,Hobbies and Crafts,Toys,47,7,/videos/Toy_677.mp4,success,/features/Toy_677.npy,True,2
Toy_678,Hobbies and Crafts,Toys,48,8,/videos/Toy_678.mp4,success,/features/Toy_678.npy,True,2
Toy_679,Hobbies and Crafts,Toys,49,9,/videos/Toy_679.mp4,success,/features/Toy_679.npy,True,2
Toy_680,Hobbies and Crafts,Toys,50,10,/videos/Toy_680.mp4,success,/features/Toy_680.npy,True,2
Toy_681,Hobbies and Crafts,Toys,1,1,/videos/Toy_681.mp4,success,/features/Toy_681.npy,True,2
Toy_682,Hobbies and Crafts,Toys,2,2,/videos/Toy_682.mp4,success,/features/Toy_682.npy,True,2
Toy_683,Hobbies and Crafts,Toys,3,3,/videos/Toy_683.mp4,success,/features/Toy_683.npy,True,2
Toy_684,Hobbies and Crafts,Toys,4,4,/videos/Toy_684.mp4,success,/features/Toy_684.npy,True,2
Toy_685,Hobbies and Crafts,Toys,5,5,/videos/Toy_685.mp4,success,/features/Toy_685.npy,True,2
Toy_686,Hobbies and Crafts,Toys,6,6,/videos/Toy_686.mp4,success,/features/Toy_686.npy,True,2
Toy_687,Hobbies and Crafts,Toys,7,7,/videos/Toy_687.mp4,success,/features/Toy_687.npy,True,2
Toy_688,Hobbies and Crafts,Toys,8,8,/videos/Toy_688.mp4,success,/features/Toy_688.npy,True,2
Toy_689,Hobbies and Crafts,Toys,9,9,/videos/Toy_689.mp4,success,/features/Toy_689.npy,True,2
Toy_690,Hobbies and Crafts,Toys,10,10,/videos/Toy_690.mp4,success,/features/Toy_690.npy,True,2
Toy_691,Hobbies and Crafts,Toys,11,1,/videos/Toy_691.mp4,success,/features/Toy_691.npy,True,2
Toy_692,Hobbies and Crafts,Toys,12,2,/videos/Toy_692.mp4,success,/features/Toy_692.npy,True,2
Toy_693,Hobbies and Crafts,Toys,13,3,/videos/Toy_693.mp4,success,/features/Toy_693.npy,True,2
Toy_694,Hobbies and Crafts,Toys,14,4,/videos/Toy_694.mp4,success,/features/Toy_694.npy,True,2
Toy_695,Hobbies and Crafts,Toys,15,5,/videos/Toy_695.mp4,success,/features/Toy_695.npy,True,2
Toy_696,Hobbies and Crafts,Toys,16,6,/videos/Toy_696.mp4,success,/features/Toy_696.npy,True,2
Toy_697,Hobbies and Crafts,Toys,17,7,/videos/Toy_697.mp4,success,/features/Toy_697.npy,True,2
Toy_698,Hobbies and Crafts,Toys,18,8,/videos/Toy_698.mp4,success,/features/Toy_698.npy,True,2
Toy_699,Hobbies and Crafts,Toys,19,9,/videos/Toy_699.mp4,success,/features/Toy_699.npy,True,2
Toy_700,Hobbies and Crafts,Toys,20,10,/videos/Toy_700.mp4,success,/features/Toy_700.npy,True,2
Toy_701,Hobbies and Crafts,Toys,21,1,/videos/Toy_701.mp4,success,/features/Toy_701.npy,True,2
Toy_702,Hobbies and Crafts,Toys,22,2,/videos/Toy_702.mp4,success,/features/Toy_702.npy,True,2
Toy_703,Hobbies and Crafts,Toys,23,3,/videos/Toy_703.mp4,success,/features/Toy_703.npy,True,2
Toy_704,Hobbies and Crafts,Toys,24,4,/videos/Toy_704.mp4,success,/features/Toy_704.npy,True,2
Toy_705,Hobbies and Crafts,Toys,25,5,/videos/Toy_705.mp4,success,/features/Toy_705.npy,True,2
Toy_706,Hobbies and Crafts,Toys,26,6,/videos/Toy_706.mp4,success,/features/Toy_706.npy,True,2
Toy_707,Hobbies and Crafts,Toys,27,7,/videos/Toy_707.mp4,success,/features/Toy_707.npy,True,2
Toy_708,Hobbies and Crafts,Toys,28,8,/videos/Toy_708.mp4,success,/features/Toy_708.npy,True,2
Toy_709,Hobbies and Crafts,Toys,29,9,/videos/Toy_709.mp4,success,/features/Toy_709.npy,True,2
Toy_710,Hobbies and Crafts,Toys,30,10,/videos/Toy_710.mp4,success,/features/Toy_710.npy,True,2
Toy_711,Hobbies and Crafts,Toys,31,1,/videos/Toy_711.mp4,success,/features/Toy_711.npy,True,2
Toy_712,Hobbies and Crafts,Toys,32,2,/videos/Toy_712.mp4,success,/features/Toy_712.npy,True,2
Toy_713,Hobbies and Crafts,Toys,33,3,/videos/Toy_713.mp4,success,/features/Toy_713.npy,True,2
Toy_714,Hobbies and Crafts,Toys,34,4,/videos/Toy_714.mp4,success,/features/Toy_714.npy,True,2
Toy_715,Hobbies and Crafts,Toys,35,5,/videos/Toy_715.mp4,success,/features/Toy_715.npy,True,2
Toy_716,Hobbies and Crafts,Toys,36,6,/videos/Toy_716.mp4,success,/features/Toy_716.npy,True,2
Toy_717,Hobbies and Crafts,Toys,37,7,/videos/Toy_717.mp4,success,/features/Toy_717.npy,True,2
Toy_718,Hobbies and Crafts,Toys,38,8,/videos/Toy_718.mp4,success,/features/Toy_718.npy,True,2
Toy_719,Hobbies and Crafts,Toys,39,9,/videos/Toy_719.mp4,success,/features/Toy_719.npy,True,2
Toy_720,Hobbies and Crafts,Toys,40,10,/videos/Toy_720.mp4,success,/features/Toy_720.npy,True,2
Tri_721,Hobbies and Crafts,Tricks and Pranks,1,1,/videos/Tri_721.mp4,success,/features/Tri_721.npy,True,3
Tri_722,Hobbies and Crafts,Tricks and Pranks,2,2,/videos/Tri_722.mp4,success,/features/Tri_722.npy,True,3
Tri_723,Hobbies and Crafts,Tricks and Pranks,3,3,/videos/Tri_723.mp4,success,/features/Tri_723.npy,True,3
Tri_724,Hobbies and Crafts,Tricks and Pranks,4,4,/videos/Tri_724.mp4,success,/features/Tri_724.npy,True,3
Tri_725,Hobbies and Crafts,Tricks and Pranks,5,5,/videos/Tri_725.mp4,success,/features/Tri_725.npy,True,3
Tri_726,Hobbies and Crafts,Tricks and Pranks,6,6,/videos/Tri_726.mp4,success,/features/Tri_726.npy,True,3
Tri_727,Hobbies and Crafts,Tricks and Pranks,7,7,/videos/Tri_727.mp4,success,/features/Tri_727.npy,True,3
Tri_728,Hobbies and Crafts,Tricks and Pranks,8,8,/videos/Tri_728.mp4,success,/features/Tri_728.npy,True,3
Tri_729,Hobbies and Crafts,Tricks and Pranks,9,9,/videos/Tri_729.mp4,success,/features/Tri_729.npy,True,3
Tri_730,Hobbies and Crafts,Tricks and Pranks,10,10,/videos/Tri_730.mp4,success,/features/Tri_730.npy,True,3
Tri_731,Hobbies and Crafts,Tricks and Pranks,11,1,/videos/Tri_731.mp4,success,/features/Tri_731.npy,True,3
Tri_732,Hobbies and Crafts,Tricks and Pranks,12,2,/videos/Tri_732.mp4,success,/features/Tri_732.npy,True,3
Tri_733,Hobbies and Crafts,Tricks and Pranks,13,3,/videos/Tri_733.mp4,success,/features/Tri_733.npy,True,3
Tri_734,Hobbies and Crafts,Tricks and Pranks,14,4,/videos/Tri_734.mp4,success,/features/Tri_734.npy,True,3
Tri_735,Hobbies and Crafts,Tricks and Pranks,15,5,/videos/Tri_735.mp4,success,/features/Tri_735.npy,True,3
Tri_736,Hobbies and Crafts,Tricks and Pranks,16,6,/videos/Tri_736.mp4,success,/features/Tri_736.npy,True,3
Tri_737,Hobbies and Crafts,Tricks and Pranks,17,7,/videos/Tri_737.mp4,success,/features/Tri_737.npy,True,3
Tri_738,Hobbies and Crafts,Tricks and Pranks,18,8,/videos/Tri_738.mp4,success,/features/Tri_738.npy,True,3
Tri_739,Hobbies and Crafts,Tricks and Pranks,19,9,/videos/Tri_739.mp4,success,/features/Tri_739.npy,True,3
Tri_740,Hobbies and Crafts,Tricks and Pranks,20,10,/videos/Tri_740.mp4,success,/features/Tri_740.npy,True,3
Tri_741,Hobbies and Crafts,Tricks and Pranks,21,1,/videos/Tri_741.mp4,success,/features/Tri_741.npy,True,3
Tri_742,Hobbies and Crafts,Tricks and Pranks,22,2,/videos/Tri_742.mp4,success,/features/Tri_742.npy,True,3
Tri_743,Hobbies and Crafts,Tricks and Pranks,23,3,/videos/Tri_743.mp4,success,/features/Tri_743.npy,True,3
Tri_744,Hobbies and Crafts,Tricks and Pranks,24,4,/videos/Tri_744.mp4,success,/features/Tri_744.npy,True,3
Tri_745,Hobbies and Crafts,Tricks and Pranks,25,5,/videos/Tri_745.mp4,success,/features/Tri_745.npy,True,3
Tri_746,Hobbies and Crafts,Tricks and Pranks,26,6,/videos/Tri_746.mp4,success,/features/Tri_746.npy,True,3
Tri_747,Hobbies and Crafts,Tricks and Pranks,27,7,/videos/Tri_747.mp4,success,/features/Tri_747.npy,True,3
Tri_748,Hobbies and Crafts,Tricks and Pranks,28,8,/videos/Tri_748.mp4,success,/features/Tri_748.npy,True,3
Tri_749,Hobbies and Crafts,Tricks and Pranks,29,9,/videos/Tri_749.mp4,success,/features/Tri_749.npy,True,3
Tri_750,Hobbies and Crafts,Tricks and Pranks,30,10,/videos/Tri_750.mp4,success,/features/Tri_750.npy,True,3
Tri_751,Hobbies and Crafts,Tricks and Pranks,31,1,/videos/Tri_751.mp4,success,/features/Tri_751.npy,True,3
Tri_752,Hobbies and Crafts,Tricks and Pranks,32,2,/videos/Tri_752.mp4,success,/features/Tri_752.npy,True,3
Tri_753,Hobbies and Crafts,Tricks and Pranks,33,3,/videos/Tri_753.mp4,success,/features/Tri_753.npy,True,3
Tri_754,Hobbies and Crafts,Tricks and Pranks,34,4,/videos/Tri_754.mp4,success,/features/Tri_754.npy,True,3
Tri_755,Hobbies and Crafts,Tricks and Pranks,35,5,/videos/Tri_755.mp4,success,/features/Tri_755.npy,True,3
Tri_756,Hobbies and Crafts,Tricks and Pranks,36,6,/videos/Tri_756.mp4,success,/features/Tri_756.npy,True,3
Tri_757,Hobbies and Crafts,Tricks and Pranks,37,7,/videos/Tri_757.mp4,success,/features/Tri_757.npy,True,3
Tri_758,Hobbies and Crafts,Tricks and Pranks,38,8,/videos/Tri_758.mp4,success,/features/Tri_758.npy,True,3
Tri_759,Hobbies and Crafts,Tricks and Pranks,39,9,/videos/Tri_759.mp4,success,/features/Tri_759.npy,True,3
Tri_760,Hobbies and Crafts,Tricks and Pranks,40,10,/videos/Tri_760.mp4,success,/features/Tri_760.npy,True,3
Tri_761,Hobbies and Crafts,Tricks and Pranks,41,1,/videos/Tri_761.mp4,success,/features/Tri_761.npy,True,3
Tri_762,Hobbies and Crafts,Tricks and Pranks,42,2,/videos/Tri_762.mp4,success,/features/Tri_762.npy,True,3
Tri_763,Hobbies and Crafts,Tricks and Pranks,43,3,/videos/Tri_763.mp4,success,/features/Tri_763.npy,True,3
Tri_764,Hobbies and Crafts,Tricks and Pranks,44,4,/videos/Tri_764.mp4,success,/features/Tri_764.npy,True,3
Tri_765,Hobbies and Crafts,Tricks and Pranks,45,5,/videos/Tri_765.mp4,success,/features/Tri_765.npy,True,3
Tri_766,Hobbies and Crafts,Tricks and Pranks,46,6,/videos/Tri_766.mp4,success,/features/Tri_766.npy,True,3
Tri_767,Hobbies and Crafts,Tricks and Pranks,47,7,/videos/Tri_767.mp4,success,/features/Tri_767.npy,True,3
Tri_768,Hobbies and Crafts,Tricks and Pranks,48,8,/videos/Tri_768.mp4,success,/features/Tri_768.npy,True,3
Tri_769,Hobbies and Crafts,Tricks and Pranks,49,9,/videos/Tri_769.mp4,success,/features/Tri_769.npy,True,3
Tri_770,Hobbies and Crafts,Tricks and Pranks,50,10,/videos/Tri_770.mp4,success,/features/Tri_770.npy,True,3
Tri_771,Hobbies and Crafts,Tricks and Pranks,1,1,/videos/Tri_771.mp4,success,/features/Tri_771.npy,True,3
Tri_772,Hobbies and Crafts,Tricks and Pranks,2,2,/videos/Tri_772.mp4,success,/features/Tri_772.npy,True,3
Tri_773,Hobbies and Crafts,Tricks and Pranks,3,3,/videos/Tri_773.mp4,success,/features/Tri_773.npy,True,3
Tri_774,Hobbies and Crafts,Tricks and Pranks,4,4,/videos/Tri_774.mp4,success,/features/Tri_774.npy,True,3
Tri_775,Hobbies and Crafts,Tricks and Pranks,5,5,/videos/Tri_775.mp4,success,/features/Tri_775.npy,True,3
Tri_776,Hobbies and Crafts,Tricks and Pranks,6,6,/videos/Tri_776.mp4,success,/features/Tri_776.npy,True,3
Tri_777,Hobbies and Crafts,Tricks and Pranks,7,7,/videos/Tri_777.mp4,success,/features/Tri_777.npy,True,3
Tri_778,Hobbies and Crafts,Tricks and Pranks,8,8,/videos/Tri_778.mp4,success,/features/Tri_778.npy,True,3
Tri_779,Hobbies and Crafts,Tricks and Pranks,9,9,/videos/Tri_779.mp4,success,/features/Tri_779.npy,True,3
Tri_780,Hobbies and Crafts,Tricks and Pranks,10,10,/videos/Tri_780.mp4,success,/features/Tri_780.npy,True,3
Tri_781,Hobbies and Crafts,Tricks and Pranks,11,1,/videos/Tri_781.mp4,success,/features/Tri_781.npy,True,3
Tri_782,Hobbies and Crafts,Tricks and Pranks,12,2,/videos/Tri_782.mp4,success,/features/Tri_782.npy,True,3
Tri_783,Hobbies and Crafts,Tricks and Pranks,13,3,/videos/Tri_783.mp4,success,/features/Tri_783.npy,True,3
Tri_784,Hobbies and Crafts,Tricks and Pranks,14,4,/videos/Tri_784.mp4,success,/features/Tri_784.npy,True,3
Tri_785,Hobbies and Crafts,Tricks and Pranks,15,5,/videos/Tri_785.mp4,success,/features/Tri_785.npy,True,3
Tri_786,Hobbies and Crafts,Tricks and Pranks,16,6,/videos/Tri_786.mp4,success,/features/Tri_786.npy,True,3
Tri_787,Hobbies and Crafts,Tricks and Pranks,17,7,/videos/Tri_787.mp4,success,/features/Tri_787.npy,True,3
Tri_788,Hobbies and Crafts,Tricks and Pranks,18,8,/videos/Tri_788.mp4,success,/features/Tri_788.npy,True,3
Tri_789,Hobbies and Crafts,Tricks and Pranks,19,9,/videos/Tri_789.mp4,success,/features/Tri_789.npy,True,3
Tri_790,Hobbies and Crafts,Tricks and Pranks,20,10,/videos/Tri_790.mp4,success,/features/Tri_790.npy,True,3
Tri_791,Hobbies and Crafts,Tricks and Pranks,21,1,/videos/Tri_791.mp4,success,/features/Tri_791.npy,True,3
Tri_792,Hobbies and Crafts,Tricks and Pranks,22,2,/videos/Tri_792.mp4,success,/features/Tri_792.npy,True,3
Tri_793,Hobbies and Crafts,Tricks and Pranks,23,3,/videos/Tri_793.mp4,success,/features/Tri_793.npy,True,3
Tri_794,Hobbies and Crafts,Tricks and Pranks,24,4,/videos/Tri_794.mp4,success,/features/Tri_794.npy,True,3
Tri_795,Hobbies and Crafts,Tricks and Pranks,25,5,/videos/Tri_795.mp4,success,/features/Tri_795.npy,True,3
Tri_796,Hobbies and Crafts,Tricks and Pranks,26,6,/videos/Tri_796.mp4,success,/features/Tri_796.npy,True,3
Tri_797,Hobbies and Crafts,Tricks and Pranks,27,7,/videos/Tri_797.mp4,success,/features/Tri_797.npy,True,3
Tri_798,Hobbies and Crafts,Tricks and Pranks,28,8,/videos/Tri_798.mp4,success,/features/Tri_798.npy,True,3
Tri_799,Hobbies and Crafts,Tricks and Pranks,29,9,/videos/Tri_799.mp4,success,/features/Tri_799.npy,True,3
Tri_800,Hobbies and Crafts,Tricks and Pranks,30,10,/videos/Tri_800.mp4,success,/features/Tri_800.npy,True,3
Tri_801,Hobbies and Crafts,Tricks and Pranks,31,1,/videos/Tri_801.mp4,success,/features/Tri_801.npy,True,3
Tri_802,Hobbies and Crafts,Tricks and Pranks,32,2,/videos/Tri_802.mp4,success,/features/Tri_802.npy,True,3
Tri_803,Hobbies and Crafts,Tricks and Pranks,33,3,/videos/Tri_803.mp4,success,/features/Tri_803.npy,True,3
Tri_804,Hobbies and Crafts,Tricks and Pranks,34,4,/videos/Tri_804.mp4,success,/features/Tri_804.npy,True,3
Tri_805,Hobbies and Crafts,Tricks and Pranks,35,5,/videos/Tri_805.mp4,success,/features/Tri_805.npy,True,3
Tri_806,Hobbies and Crafts,Tricks and Pranks,36,6,/videos/Tri_806.mp4,success,/features/Tri_806.npy,True,3
Tri_807,Hobbies and Crafts,Tricks and Pranks,37,7,/videos/Tri_807.mp4,success,/features/Tri_807.npy,True,3
Tri_808,Hobbies and Crafts,Tricks and Pranks,38,8,/videos/Tri_808.mp4,success,/features/Tri_808.npy,True,3
Tri_809,Hobbies and Crafts,Tricks and Pranks,39,9,/videos/Tri_809.mp4,success,/features/Tri_809.npy,True,3
Tri_810,Hobbies and Crafts,Tricks and Pranks,40,10,/videos/Tri_810.mp4,success,/features/Tri_810.npy,True,3
Tri_811,Hobbies and Crafts,Tricks and Pranks,41,1,/videos/Tri_811.mp4,success,/features/Tri_811.npy,True,3
Tri_812,Hobbies and Crafts,Tricks and Pranks,42,2,/videos/Tri_812.mp4,success,/features/Tri_812.npy,True,3
Tri_813,Hobbies and Crafts,Tricks and Pranks,43,3,/videos/Tri_813.mp4,success,/features/Tri_813.npy,True,3
Tri_814,Hobbies and Crafts,Tricks and Pranks,44,4,/videos/Tri_814.mp4,success,/features/Tri_814.npy,True,3
Tri_815,Hobbies and Crafts,Tricks and Pranks,45,5,/videos/Tri_815.mp4,success,/features/Tri_815.npy,True,3
Tri_816,Hobbies and Crafts,Tricks and Pranks,46,6,/videos/Tri_816.mp4,success,/features/Tri_816.npy,True,3
Tri_817,Hobbies and Crafts,Tricks and Pranks,47,7,/videos/Tri_817.mp4,success,/features/Tri_817.npy,True,3
Tri_818,Hobbies and Crafts,Tricks and Pranks,48,8,/videos/Tri_818.mp4,success,/features/Tri_818.npy,True,3
Tri_819,Hobbies and Crafts,Tricks and Pranks,49,9,/videos/Tri_819.mp4,success,/features/Tri_819.npy,True,3
Tri_820,Hobbies and Crafts,Tricks and Pranks,50,10,/videos/Tri_820.mp4,success,/features/Tri_820.npy,True,3
Tri_821,Hobbies and Crafts,Tricks and Pranks,1,1,/videos/Tri_821.mp4,success,/features/Tri_821.npy,True,3
Tri_822,Hobbies and Crafts,Tricks and Pranks,2,2,/videos/Tri_822.mp4,success,/features/Tri_822.npy,True,3
Tri_823,Hobbies and Crafts,Tricks and Pranks,3,3,/videos/Tri_823.mp4,success,/features/Tri_823.npy,True,3
Tri_824,Hobbies and Crafts,Tricks and Pranks,4,4,/videos/Tri_824.mp4,success,/features/Tri_824.npy,True,3
Tri_825,Hobbies and Crafts,Tricks and Pranks,5,5,/videos/Tri_825.mp4,success,/features/Tri_825.npy,True,3
Tri_826,Hobbies and Crafts,Tricks and Pranks,6,6,/videos/Tri_826.mp4,success,/features/Tri_826.npy,True,3
Tri_827,Hobbies and Crafts,Tricks and Pranks,7,7,/videos/Tri_827.mp4,success,/features/Tri_827.npy,True,3
Tri_828,Hobbies and Crafts,Tricks and Pranks,8,8,/videos/Tri_828.mp4,success,/features/Tri_828.npy,True,3
Tri_829,Hobbies and Crafts,Tricks and Pranks,9,9,/videos/Tri_829.mp4,success,/features/Tri_829.npy,True,3
Tri_830,Hobbies and Crafts,Tricks and Pranks,10,10,/videos/Tri_830.mp4,success,/features/Tri_830.npy,True,3
Tri_831,Hobbies and Crafts,Tricks and Pranks,11,1,/videos/Tri_831.mp4,success,/features/Tri_831.npy,True,3
Tri_832,Hobbies and Crafts,Tricks and Pranks,12,2,/videos/Tri_832.mp4,success,/features/Tri_832.npy,True,3
Tri_833,Hobbies and Crafts,Tricks and Pranks,13,3,/videos/Tri_833.mp4,success,/features/Tri_833.npy,True,3
Tri_834,Hobbies and Crafts,Tricks and Pranks,14,4,/videos/Tri_834.mp4,success,/features/Tri_834.npy,True,3
Tri_835,Hobbies and Crafts,Tricks and Pranks,15,5,/videos/Tri_835.mp4,success,/features/Tri_835.npy,True,3
Tri_836,Hobbies and Crafts,Tricks and Pranks,16,6,/videos/Tri_836.mp4,success,/features/Tri_836.npy,True,3
Tri_837,Hobbies and Crafts,Tricks and Pranks,17,7,/videos/Tri_837.mp4,success,/features/Tri_837.npy,True,3
Tri_838,Hobbies and Crafts,Tricks and Pranks,18,8,/videos/Tri_838.mp4,success,/features/Tri_838.npy,True,3
Tri_839,Hobbies and Crafts,Tricks and Pranks,19,9,/videos/Tri_839.mp4,success,/features/Tri_839.npy,True,3
Tri_840,Hobbies and Crafts,Tricks and Pranks,20,10,/videos/Tri_840.mp4,success,/features/Tri_840.npy,True,3
Tri_841,Hobbies and Crafts,Tricks and Pranks,21,1,/videos/Tri_841.mp4,success,/features/Tri_841.npy,True,3
Tri_842,Hobbies and Crafts,Tricks and Pranks,22,2,/videos/Tri_842.mp4,success,/features/Tri_842.npy,True,3
Tri_843,Hobbies and Crafts,Tricks and Pranks,23,3,/videos/Tri_843.mp4,success,/features/Tri_843.npy,True,3
Tri_844,Hobbies and Crafts,Tricks and Pranks,24,4,/videos/Tri_844.mp4,success,/features/Tri_844.npy,True,3
Tri_845,Hobbies and Crafts,Tricks and Pranks,25,5,/videos/Tri_845.mp4,success,/features/Tri_845.npy,True,3
Tri_846,Hobbies and Crafts,Tricks and Pranks,26,6,/videos/Tri_846.mp4,success,/features/Tri_846.npy,True,3
Tri_847,Hobbies and Crafts,Tricks and Pranks,27,7,/videos/Tri_847.mp4,success,/features/Tri_847.npy,True,3
Tri_848,Hobbies and Crafts,Tricks and Pranks,28,8,/videos/Tri_848.mp4,success,/features/Tri_848.npy,True,3
Tri_849,Hobbies and Crafts,Tricks and Pranks,29,9,/videos/Tri_849.mp4,success,/features/Tri_849.npy,True,3
Tri_850,Hobbies and Crafts,Tricks and Pranks,30,10,/videos/Tri_850.mp4,success,/features/Tri_850.npy,True,3
Tri_851,Hobbies and Crafts,Tricks and Pranks,31,1,/videos/Tri_851.mp4,success,/features/Tri_851.npy,True,3
Tri_852,Hobbies and Crafts,Tricks and Pranks,32,2,/videos/Tri_852.mp4,success,/features/Tri_852.npy,True,3
Tri_853,Hobbies and Crafts,Tricks and Pranks,33,3,/videos/Tri_853.mp4,success,/features/Tri_853.npy,True,3
Tri_854,Hobbies and Crafts,Tricks and Pranks,34,4,/videos/Tri_854.mp4,success,/features/Tri_854.npy,True,3
Tri_855,Hobbies and Crafts,Tricks and Pranks,35,5,/videos/Tri_855.mp4,success,/features/Tri_855.npy,True,3
Tri_856,Hobbies and Crafts,Tricks and Pranks,36,6,/videos/Tri_856.mp4,success,/features/Tri_856.npy,True,3
Tri_857,Hobbies and Crafts,Tricks and Pranks,37,7,/videos/Tri_857.mp4,success,/features/Tri_857.npy,True,3
Tri_858,Hobbies and Crafts,Tricks and Pranks,38,8,/videos/Tri_858.mp4,success,/features/Tri_858.npy,True,3
Tri_859,Hobbies and Crafts,Tricks and Pranks,39,9,/videos/Tri_859.mp4,success,/features/Tri_859.npy,True,3
Tri_860,Hobbies and Crafts,Tricks and Pranks,40,10,/videos/Tri_860.mp4,success,/features/Tri_860.npy,True,3
Tri_861,Hobbies and Crafts,Tricks and Pranks,41,1,/videos/Tri_861.mp4,success,/features/Tri_861.npy,True,3
Tri_862,Hobbies and Crafts,Tricks and Pranks,42,2,/videos/Tri_862.mp4,success,/features/Tri_862.npy,True,3
Tri_863,Hobbies and Crafts,Tricks and Pranks,43,3,/videos/Tri_863.mp4,success,/features/Tri_863.npy,True,3
Tri_864,Hobbies and Crafts,Tricks and Pranks,44,4,/videos/Tri_864.mp4,success,/features/Tri_864.npy,True,3
Tri_865,Hobbies and Crafts,Tricks and Pranks,45,5,/videos/Tri_865.mp4,success,/features/Tri_865.npy,True,3
Tri_866,Hobbies and Crafts,Tricks and Pranks,46,6,/videos/Tri_866.mp4,success,/features/Tri_866.npy,True,3
Tri_867,Hobbies and Crafts,Tricks and Pranks,47,7,/videos/Tri_867.mp4,success,/features/Tri_867.npy,True,3
Tri_868,Hobbies and Crafts,Tricks and Pranks,48,8,/videos/Tri_868.mp4,success,/features/Tri_868.npy,True,3
Tri_869,Hobbies and Crafts,Tricks and Pranks,49,9,/videos/Tri_869.mp4,success,/features/Tri_869.npy,True,3
Tri_870,Hobbies and Crafts,Tricks and Pranks,50,10,/videos/Tri_870.mp4,success,/features/Tri_870.npy,True,3
Tri_871,Hobbies and Crafts,Tricks and Pranks,1,1,/videos/Tri_871.mp4,success,/features/Tri_871.npy,True,3
Tri_872,Hobbies and Crafts,Tricks and Pranks,2,2,/videos/Tri_872.mp4,success,/features/Tri_872.npy,True,3
Tri_873,Hobbies and Crafts,Tricks and Pranks,3,3,/videos/Tri_873.mp4,success,/features/Tri_873.npy,True,3
Tri_874,Hobbies and Crafts,Tricks and Pranks,4,4,/videos/Tri_874.mp4,success,/features/Tri_874.npy,True,3
Tri_875,Hobbies and Crafts,Tricks and Pranks,5,5,/videos/Tri_875.mp4,success,/features/Tri_875.npy,True,3
Tri_876,Hobbies and Crafts,Tricks and Pranks,6,6,/videos/Tri_876.mp4,success,/features/Tri_876.npy,True,3
Tri_877,Hobbies and Crafts,Tricks and Pranks,7,7,/videos/Tri_877.mp4,success,/features/Tri_877.npy,True,3
Tri_878,Hobbies and Crafts,Tricks and Pranks,8,8,/videos/Tri_878.mp4,success,/features/Tri_878.npy,True,3
Tri_879,Hobbies and Crafts,Tricks and Pranks,9,9,/videos/Tri_879.mp4,success,/features/Tri_879.npy,True,3
Tri_880,Hobbies and Crafts,Tricks and Pranks,10,10,/videos/Tri_880.mp4,success,/features/Tri_880.npy,True,3
Tri_881,Hobbies and Crafts,Tricks and Pranks,11,1,/videos/Tri_881.mp4,success,/features/Tri_881.npy,True,3
Tri_882,Hobbies and Crafts,Tricks and Pranks,12,2,/videos/Tri_882.mp4,success,/features/Tri_882.npy,True,3
Tri_883,Hobbies and Crafts,Tricks and Pranks,13,3,/videos/Tri_883.mp4,success,/features/Tri_883.npy,True,3
Tri_884,Hobbies and Crafts,Tricks and Pranks,14,4,/videos/Tri_884.mp4,success,/features/Tri_884.npy,True,3
Tri_885,Hobbies and Crafts,Tricks and Pranks,15,5,/videos/Tri_885.mp4,success,/features/Tri_885.npy,True,3
Tri_886,Hobbies and Crafts,Tricks and Pranks,16,6,/videos/Tri_886.mp4,success,/features/Tri_886.npy,True,3
Tri_887,Hobbies and Crafts,Tricks and Pranks,17,7,/videos/Tri_887.mp4,success,/features/Tri_887.npy,True,3
Tri_888,Hobbies and Crafts,Tricks and Pranks,18,8,/videos/Tri_888.mp4,success,/features/Tri_888.npy,True,3
Tri_889,Hobbies and Crafts,Tricks and Pranks,19,9,/videos/Tri_889.mp4,success,/features/Tri_889.npy,True,3
Tri_890,Hobbies and Crafts,Tricks and Pranks,20,10,/videos/Tri_890.mp4,success,/features/Tri_890.npy,True,3
Tri_891,Hobbies and Crafts,Tricks and Pranks,21,1,/videos/Tri_891.mp4,success,/features/Tri_891.npy,True,3
Tri_892,Hobbies and Crafts,Tricks and Pranks,22,2,/videos/Tri_892.mp4,success,/features/Tri_892.npy,True,3
Tri_893,Hobbies and Crafts,Tricks and Pranks,23,3,/videos/Tri_893.mp4,success,/features/Tri_893.npy,True,3
Tri_894,Hobbies and Crafts,Tricks and Pranks,24,4,/videos/Tri_894.mp4,success,/features/Tri_894.npy,True,3
Tri_895,Hobbies and Crafts,Tricks and Pranks,25,5,/videos/Tri_895.mp4,success,/features/Tri_895.npy,True,3
Tri_896,Hobbies and Crafts,Tricks and Pranks,26,6,/videos/Tri_896.mp4,success,/features/Tri_896.npy,True,3
Tri_897,Hobbies and Crafts,Tricks and Pranks,27,7,/videos/Tri_897.mp4,success,/features/Tri_897.npy,True,3
Tri_898,Hobbies and Crafts,Tricks and Pranks,28,8,/videos/Tri_898.mp4,success,/features/Tri_898.npy,True,3
Tri_899,Hobbies and Crafts,Tricks and Pranks,29,9,/videos/Tri_899.mp4,success,/features/Tri_899.npy,True,3
Tri_900,Hobbies and Crafts,Tricks and Pranks,30,10,/videos/Tri_900.mp4,success,/features/Tri_900.npy,True,3
Tri_901,Hobbies and Crafts,Tricks and Pranks,31,1,/videos/Tri_901.mp4,success,/features/Tri_901.npy,True,3
Tri_902,Hobbies and Crafts,Tricks and Pranks,32,2,/videos/Tri_902.mp4,success,/features/Tri_902.npy,True,3
Tri_903,Hobbies and Crafts,Tricks and Pranks,33,3,/videos/Tri_903.mp4,success,/features/Tri_903.npy,True,3
Tri_904,Hobbies and Crafts,Tricks and Pranks,34,4,/videos/Tri_904.mp4,success,/features/Tri_904.npy,True,3
Tri_905,Hobbies and Crafts,Tricks and Pranks,35,5,/videos/Tri_905.mp4,success,/features/Tri_905.npy,True,3
Tri_906,Hobbies and Crafts,Tricks and Pranks,36,6,/videos/Tri_906.mp4,success,/features/Tri_906.npy,True,3
Tri_907,Hobbies and Crafts,Tricks and Pranks,37,7,/videos/Tri_907.mp4,success,/features/Tri_907.npy,True,3
Tri_908,Hobbies and Crafts,Tricks and Pranks,38,8,/videos/Tri_908.mp4,success,/features/Tri_908.npy,True,3
Tri_909,Hobbies and Crafts,Tricks and Pranks,39,9,/videos/Tri_909.mp4,success,/features/Tri_909.npy,True,3
Tri_910,Hobbies and Crafts,Tricks and Pranks,40,10,/videos/Tri_910.mp4,success,/features/Tri_910.npy,True,3
Tri_911,Hobbies and Crafts,Tricks and Pranks,41,1,/videos/Tri_911.mp4,success,/features/Tri_911.npy,True,3
Tri_912,Hobbies and Crafts,Tricks and Pranks,42,2,/videos/Tri_912.mp4,success,/features/Tri_912.npy,True,3
Tri_913,Hobbies and Crafts,Tricks and Pranks,43,3,/videos/Tri_913.mp4,success,/features/Tri_913.npy,True,3
Tri_914,Hobbies and Crafts,Tricks and Pranks,44,4,/videos/Tri_914.mp4,success,/features/Tri_914.npy,True,3
Tri_915,Hobbies and Crafts,Tricks and Pranks,45,5,/videos/Tri_915.mp4,success,/features/Tri_915.npy,True,3
Tri_916,Hobbies and Crafts,Tricks and Pranks,46,6,/videos/Tri_916.mp4,success,/features/Tri_916.npy,True,3
Tri_917,Hobbies and Crafts,Tricks and Pranks,47,7,/videos/Tri_917.mp4,success,/features/Tri_917.npy,True,3
Tri_918,Hobbies and Crafts,Tricks and Pranks,48,8,/videos/Tri_918.mp4,success,/features/Tri_918.npy,True,3
Tri_919,Hobbies and Crafts,Tricks and Pranks,49,9,/videos/Tri_919.mp4,success,/features/Tri_919.npy,True,3
Tri_920,Hobbies and Crafts,Tricks and Pranks,50,10,/videos/Tri_920.mp4,success,/features/Tri_920.npy,True,3
Tri_921,Hobbies and Crafts,Tricks and Pranks,1,1,/videos/Tri_921.mp4,success,/features/Tri_921.npy,True,3
Tri_922,Hobbies and Crafts,Tricks and Pranks,2,2,/videos/Tri_922.mp4,success,/features/Tri_922.npy,True,3
Tri_923,Hobbies and Crafts,Tricks and Pranks,3,3,/videos/Tri_923.mp4,success,/features/Tri_923.npy,True,3
Tri_924,Hobbies and Crafts,Tricks and Pranks,4,4,/videos/Tri_924.mp4,success,/features/Tri_924.npy,True,3
Tri_925,Hobbies and Crafts,Tricks and Pranks,5,5,/videos/Tri_925.mp4,success,/features/Tri_925.npy,True,3
Tri_926,Hobbies and Crafts,Tricks and Pranks,6,6,/videos/Tri_926.mp4,success,/features/Tri_926.npy,True,3
Tri_927,Hobbies and Crafts,Tricks and Pranks,7,7,/videos/Tri_927.mp4,success,/features/Tri_927.npy,True,3
Tri_928,Hobbies and Crafts,Tricks and Pranks,8,8,/videos/Tri_928.mp4,success,/features/Tri_928.npy,True,3
Tri_929,Hobbies and Crafts,Tricks and Pranks,9,9,/videos/Tri_929.mp4,success,/features/Tri_929.npy,True,3
Tri_930,Hobbies and Crafts,Tricks and Pranks,10,10,/videos/Tri_930.mp4,success,/features/Tri_930.npy,True,3
Tri_931,Hobbies and Crafts,Tricks and Pranks,11,1,/videos/Tri_931.mp4,success,/features/Tri_931.npy,True,3
Tri_932,Hobbies and Crafts,Tricks and Pranks,12,2,/videos/Tri_932.mp4,success,/features/Tri_932.npy,True,3
Tri_933,Hobbies and Crafts,Tricks and Pranks,13,3,/videos/Tri_933.mp4,success,/features/Tri_933.npy,True,3
Tri_934,Hobbies and Crafts,Tricks and Pranks,14,4,/videos/Tri_934.mp4,success,/features/Tri_934.npy,True,3
Tri_935,Hobbies and Crafts,Tricks and Pranks,15,5,/videos/Tri_935.mp4,success,/features/Tri_935.npy,True,3
Tri_936,Hobbies and Crafts,Tricks and Pranks,16,6,/videos/Tri_936.mp4,success,/features/Tri_936.npy,True,3
Tri_937,Hobbies and Crafts,Tricks and Pranks,17,7,/videos/Tri_937.mp4,success,/features/Tri_937.npy,True,3
Tri_938,Hobbies and Crafts,Tricks and Pranks,18,8,/videos/Tri_938.mp4,success,/features/Tri_938.npy,True,3
Tri_939,Hobbies and Crafts,Tricks and Pranks,19,9,/videos/Tri_939.mp4,success,/features/Tri_939.npy,True,3
Tri_940,Hobbies and Crafts,Tricks and Pranks,20,10,/videos/Tri_940.mp4,success,/features/Tri_940.npy,True,3
Tri_941,Hobbies and Crafts,Tricks and Pranks,21,1,/videos/Tri_941.mp4,success,/features/Tri_941.npy,True,3
Tri_942,Hobbies and Crafts,Tricks and Pranks,22,2,/videos/Tri_942.mp4,success,/features/Tri_942.npy,True,3
Tri_943,Hobbies and Crafts,Tricks and Pranks,23,3,/videos/Tri_943.mp4,success,/features/Tri_943.npy,True,3
Tri_944,Hobbies and Crafts,Tricks and Pranks,24,4,/videos/Tri_944.mp4,success,/features/Tri_944.npy,True,3
Tri_945,Hobbies and Crafts,Tricks and Pranks,25,5,/videos/Tri_945.mp4,success,/features/Tri_945.npy,True,3
Tri_946,Hobbies and Crafts,Tricks and Pranks,26,6,/videos/Tri_946.mp4,success,/features/Tri_946.npy,True,3
Tri_947,Hobbies and Crafts,Tricks and Pranks,27,7,/videos/Tri_947.mp4,success,/features/Tri_947.npy,True,3
Tri_948,Hobbies and Crafts,Tricks and Pranks,28,8,/videos/Tri_948.mp4,success,/features/Tri_948.npy,True,3
Tri_949,Hobbies and Crafts,Tricks and Pranks,29,9,/videos/Tri_949.mp4,success,/features/Tri_949.npy,True,3
Tri_950,Hobbies and Crafts,Tricks and Pranks,30,10,/videos/Tri_950.mp4,success,/features/Tri_950.npy,True,3
Tri_951,Hobbies and Crafts,Tricks and Pranks,31,1,/videos/Tri_951.mp4,success,/features/Tri_951.npy,True,3
Tri_952,Hobbies and Crafts,Tricks and Pranks,32,2,/videos/Tri_952.mp4,success,/features/Tri_952.npy,True,3
Tri_953,Hobbies and Crafts,Tricks and Pranks,33,3,/videos/Tri_953.mp4,success,/features/Tri_953.npy,True,3
Tri_954,Hobbies and Crafts,Tricks and Pranks,34,4,/videos/Tri_954.mp4,success,/features/Tri_954.npy,True,3
Tri_955,Hobbies and Crafts,Tricks and Pranks,35,5,/videos/Tri_955.mp4,success,/features/Tri_955.npy,True,3
Tri_956,Hobbies and Crafts,Tricks and Pranks,36,6,/videos/Tri_956.mp4,success,/features/Tri_956.npy,True,3
Tri_957,Hobbies and Crafts,Tricks and Pranks,37,7,/videos/Tri_957.mp4,success,/features/Tri_957.npy,True,3
Tri_958,Hobbies and Crafts,Tricks and Pranks,38,8,/videos/Tri_958.mp4,success,/features/Tri_958.npy,True,3
Tri_959,Hobbies and Crafts,Tricks and Pranks,39,9,/videos/Tri_959.mp4,success,/features/Tri_959.npy,True,3
Tri_960,Hobbies and Crafts,Tricks and Pranks,40,10,/videos/Tri_960.mp4,success,/features/Tri_960.npy,True,3
Woo_961,Hobbies and Crafts,Woodworking,1,1,/videos/Woo_961.mp4,success,/features/Woo_961.npy,True,4
Woo_962,Hobbies and Crafts,Woodworking,2,2,/videos/Woo_962.mp4,success,/features/Woo_962.npy,True,4
Woo_963,Hobbies and Crafts,Woodworking,3,3,/videos/Woo_963.mp4,success,/features/Woo_963.npy,True,4
Woo_964,Hobbies and Crafts,Woodworking,4,4,/videos/Woo_964.mp4,success,/features/Woo_964.npy,True,4
Woo_965,Hobbies and Crafts,Woodworking,5,5,/videos/Woo_965.mp4,success,/features/Woo_965.npy,True,4
Woo_966,Hobbies and Crafts,Woodworking,6,6,/videos/Woo_966.mp4,success,/features/Woo_966.npy,True,4
Woo_967,Hobbies and Crafts,Woodworking,7,7,/videos/Woo_967.mp4,success,/features/Woo_967.npy,True,4
Woo_968,Hobbies and Crafts,Woodworking,8,8,/videos/Woo_968.mp4,success,/features/Woo_968.npy,True,4
Woo_969,Hobbies and Crafts,Woodworking,9,9,/videos/Woo_969.mp4,success,/features/Woo_969.npy,True,4
Woo_970,Hobbies and Crafts,Woodworking,10,10,/videos/Woo_970.mp4,success,/features/Woo_970.npy,True,4
Woo_971,Hobbies and Crafts,Woodworking,11,1,/videos/Woo_971.mp4,success,/features/Woo_971.npy,True,4
Woo_972,Hobbies and Crafts,Woodworking,12,2,/videos/Woo_972.mp4,success,/features/Woo_972.npy,True,4
Woo_973,Hobbies and Crafts,Woodworking,13,3,/videos/Woo_973.mp4,success,/features/Woo_973.npy,True,4
Woo_974,Hobbies and Crafts,Woodworking,14,4,/videos/Woo_974.mp4,success,/features/Woo_974.npy,True,4
Woo_975,Hobbies and Crafts,Woodworking,15,5,/videos/Woo_975.mp4,success,/features/Woo_975.npy,True,4
Woo_976,Hobbies and Crafts,Woodworking,16,6,/videos/Woo_976.mp4,success,/features/Woo_976.npy,True,4
Woo_977,Hobbies and Crafts,Woodworking,17,7,/videos/Woo_977.mp4,success,/features/Woo_977.npy,True,4
Woo_978,Hobbies and Crafts,Woodworking,18,8,/videos/Woo_978.mp4,success,/features/Woo_978.npy,True,4
Woo_979,Hobbies and Crafts,Woodworking,19,9,/videos/Woo_979.mp4,success,/features/Woo_979.npy,True,4
Woo_980,Hobbies and Crafts,Woodworking,20,10,/videos/Woo_980.mp4,success,/features/Woo_980.npy,True,4
Woo_981,Hobbies and Crafts,Woodworking,21,1,/videos/Woo_981.mp4,success,/features/Woo_981.npy,True,4
Woo_982,Hobbies and Crafts,Woodworking,22,2,/videos/Woo_982.mp4,success,/features/Woo_982.npy,True,4
Woo_983,Hobbies and Crafts,Woodworking,23,3,/videos/Woo_983.mp4,success,/features/Woo_983.npy,True,4
Woo_984,Hobbies and Crafts,Woodworking,24,4,/videos/Woo_984.mp4,success,/features/Woo_984.npy,True,4
Woo_985,Hobbies and Crafts,Woodworking,25,5,/videos/Woo_985.mp4,success,/features/Woo_985.npy,True,4
Woo_986,Hobbies and Crafts,Woodworking,26,6,/videos/Woo_986.mp4,success,/features/Woo_986.npy,True,4
Woo_987,Hobbies and Crafts,Woodworking,27,7,/videos/Woo_987.mp4,success,/features/Woo_987.npy,True,4
Woo_988,Hobbies and Crafts,Woodworking,28,8,/videos/Woo_988.mp4,success,/features/Woo_988.npy,True,4
Woo_989,Hobbies and Crafts,Woodworking,29,9,/videos/Woo_989.mp4,success,/features/Woo_989.npy,True,4
Woo_990,Hobbies and Crafts,Woodworking,30,10,/videos/Woo_990.mp4,success,/features/Woo_990.npy,True,4
Woo_991,Hobbies and Crafts,Woodworking,31,1,/videos/Woo_991.mp4,success,/features/Woo_991.npy,True,4
Woo_992,Hobbies and Crafts,Woodworking,32,2,/videos/Woo_992.mp4,success,/features/Woo_992.npy,True,4
Woo_993,Hobbies and Crafts,Woodworking,33,3,/videos/Woo_993.mp4,success,/features/Woo_993.npy,True,4
Woo_994,Hobbies and Crafts,Woodworking,34,4,/videos/Woo_994.mp4,success,/features/Woo_994.npy,True,4
Woo_995,Hobbies and Crafts,Woodworking,35,5,/videos/Woo_995.mp4,success,/features/Woo_995.npy,True,4
Woo_996,Hobbies and Crafts,Woodworking,36,6,/videos/Woo_996.mp4,success,/features/Woo_996.npy,True,4
Woo_997,Hobbies and Crafts,Woodworking,37,7,/videos/Woo_997.mp4,success,/features/Woo_997.npy,True,4
Woo_998,Hobbies and Crafts,Woodworking,38,8,/videos/Woo_998.mp4,success,/features/Woo_998.npy,True,4
Woo_999,Hobbies and Crafts,Woodworking,39,9,/videos/Woo_999.mp4,success,/features/Woo_999.npy,True,4
Woo_1000,Hobbies and Crafts,Woodworking,40,10,/videos/Woo_1000.mp4,success,/features/Woo_1000.npy,True,4
Woo_1001,Hobbies and Crafts,Woodworking,41,1,/videos/Woo_1001.mp4,success,/features/Woo_1001.npy,True,4
Woo_1002,Hobbies and Crafts,Woodworking,42,2,/videos/Woo_1002.mp4,success,/features/Woo_1002.npy,True,4
Woo_1003,Hobbies and Crafts,Woodworking,43,3,/videos/Woo_1003.mp4,success,/features/Woo_1003.npy,True,4
Woo_1004,Hobbies and Crafts,Woodworking,44,4,/videos/Woo_1004.mp4,success,/features/Woo_1004.npy,True,4
Woo_1005,Hobbies and Crafts,Woodworking,45,5,/videos/Woo_1005.mp4,success,/features/Woo_1005.npy,True,4
Woo_1006,Hobbies and Crafts,Woodworking,46,6,/videos/Woo_1006.mp4,success,/features/Woo_1006.npy,True,4
Woo_1007,Hobbies and Crafts,Woodworking,47,7,/videos/Woo_1007.mp4,success,/features/Woo_1007.npy,True,4
Woo_1008,Hobbies and Crafts,Woodworking,48,8,/videos/Woo_1008.mp4,success,/features/Woo_1008.npy,True,4
Woo_1009,Hobbies and Crafts,Woodworking,49,9,/videos/Woo_1009.mp4,success,/features/Woo_1009.npy,True,4
Woo_1010,Hobbies and Crafts,Woodworking,50,10,/videos/Woo_1010.mp4,success,/features/Woo_1010.npy,True,4
Woo_1011,Hobbies and Crafts,Woodworking,1,1,/videos/Woo_1011.mp4,success,/features/Woo_1011.npy,True,4
Woo_1012,Hobbies and Crafts,Woodworking,2,2,/videos/Woo_1012.mp4,success,/features/Woo_1012.npy,True,4
Woo_1013,Hobbies and Crafts,Woodworking,3,3,/videos/Woo_1013.mp4,success,/features/Woo_1013.npy,True,4
Woo_1014,Hobbies and Crafts,Woodworking,4,4,/videos/Woo_1014.mp4,success,/features/Woo_1014.npy,True,4
Woo_1015,Hobbies and Crafts,Woodworking,5,5,/videos/Woo_1015.mp4,success,/features/Woo_1015.npy,True,4
Woo_1016,Hobbies and Crafts,Woodworking,6,6,/videos/Woo_1016.mp4,success,/features/Woo_1016.npy,True,4
Woo_1017,Hobbies and Crafts,Woodworking,7,7,/videos/Woo_1017.mp4,success,/features/Woo_1017.npy,True,4
Woo_1018,Hobbies and Crafts,Woodworking,8,8,/videos/Woo_1018.mp4,success,/features/Woo_1018.npy,True,4
Woo_1019,Hobbies and Crafts,Woodworking,9,9,/videos/Woo_1019.mp4,success,/features/Woo_1019.npy,True,4
Woo_1020,Hobbies and Crafts,Woodworking,10,10,/videos/Woo_1020.mp4,success,/features/Woo_1020.npy,True,4
Woo_1021,Hobbies and Crafts,Woodworking,11,1,/videos/Woo_1021.mp4,success,/features/Woo_1021.npy,True,4
Woo_1022,Hobbies and Crafts,Woodworking,12,2,/videos/Woo_1022.mp4,success,/features/Woo_1022.npy,True,4
Woo_1023,Hobbies and Crafts,Woodworking,13,3,/videos/Woo_1023.mp4,success,/features/Woo_1023.npy,True,4
Woo_1024,Hobbies and Crafts,Woodworking,14,4,/videos/Woo_1024.mp4,success,/features/Woo_1024.npy,True,4
Woo_1025,Hobbies and Crafts,Woodworking,15,5,/videos/Woo_1025.mp4,success,/features/Woo_1025.npy,True,4
Woo_1026,Hobbies and Crafts,Woodworking,16,6,/videos/Woo_1026.mp4,success,/features/Woo_1026.npy,True,4
Woo_1027,Hobbies and Crafts,Woodworking,17,7,/videos/Woo_1027.mp4,success,/features/Woo_1027.npy,True,4
Woo_1028,Hobbies and Crafts,Woodworking,18,8,/videos/Woo_1028.mp4,success,/features/Woo_1028.npy,True,4
Woo_1029,Hobbies and Crafts,Woodworking,19,9,/videos/Woo_1029.mp4,success,/features/Woo_1029.npy,True,4
Woo_1030,Hobbies and Crafts,Woodworking,20,10,/videos/Woo_1030.mp4,success,/features/Woo_1030.npy,True,4
Woo_1031,Hobbies and Crafts,Woodworking,21,1,/videos/Woo_1031.mp4,success,/features/Woo_1031.npy,True,4
Woo_1032,Hobbies and Crafts,Woodworking,22,2,/videos/Woo_1032.mp4,success,/features/Woo_1032.npy,True,4
Woo_1033,Hobbies and Crafts,Woodworking,23,3,/videos/Woo_1033.mp4,success,/features/Woo_1033.npy,True,4
Woo_1034,Hobbies and Crafts,Woodworking,24,4,/videos/Woo_1034.mp4,success,/features/Woo_1034.npy,True,4
Woo_1035,Hobbies and Crafts,Woodworking,25,5,/videos/Woo_1035.mp4,success,/features/Woo_1035.npy,True,4
Woo_1036,Hobbies and Crafts,Woodworking,26,6,/videos/Woo_1036.mp4,success,/features/Woo_1036.npy,True,4
Woo_1037,Hobbies and Crafts,Woodworking,27,7,/videos/Woo_1037.mp4,success,/features/Woo_1037.npy,True,4
Woo_1038,Hobbies and Crafts,Woodworking,28,8,/videos/Woo_1038.mp4,success,/features/Woo_1038.npy,True,4
Woo_1039,Hobbies and Crafts,Woodworking,29,9,/videos/Woo_1039.mp4,success,/features/Woo_1039.npy,True,4
Woo_1040,Hobbies and Crafts,Woodworking,30,10,/videos/Woo_1040.mp4,success,/features/Woo_1040.npy,True,4
Woo_1041,Hobbies and Crafts,Woodworking,31,1,/videos/Woo_1041.mp4,success,/features/Woo_1041.npy,True,4
Woo_1042,Hobbies and Crafts,Woodworking,32,2,/videos/Woo_1042.mp4,success,/features/Woo_1042.npy,True,4
Woo_1043,Hobbies and Crafts,Woodworking,33,3,/videos/Woo_1043.mp4,success,/features/Woo_1043.npy,True,4
Woo_1044,Hobbies and Crafts,Woodworking,34,4,/videos/Woo_1044.mp4,success,/features/Woo_1044.npy,True,4
Woo_1045,Hobbies and Crafts,Woodworking,35,5,/videos/Woo_1045.mp4,success,/features/Woo_1045.npy,True,4
Woo_1046,Hobbies and Crafts,Woodworking,36,6,/videos/Woo_1046.mp4,success,/features/Woo_1046.npy,True,4
Woo_1047,Hobbies and Crafts,Woodworking,37,7,/videos/Woo_1047.mp4,success,/features/Woo_1047.npy,True,4
Woo_1048,Hobbies and Crafts,Woodworking,38,8,/videos/Woo_1048.mp4,success,/features/Woo_1048.npy,True,4
Woo_1049,Hobbies and Crafts,Woodworking,39,9,/videos/Woo_1049.mp4,success,/features/Woo_1049.npy,True,4
Woo_1050,Hobbies and Crafts,Woodworking,40,10,/videos/Woo_1050.mp4,success,/features/Woo_1050.npy,True,4
Woo_1051,Hobbies and Crafts,Woodworking,41,1,/videos/Woo_1051.mp4,success,/features/Woo_1051.npy,True,4
Woo_1052,Hobbies and Crafts,Woodworking,42,2,/videos/Woo_1052.mp4,success,/features/Woo_1052.npy,True,4
Woo_1053,Hobbies and Crafts,Woodworking,43,3,/videos/Woo_1053.mp4,success,/features/Woo_1053.npy,True,4
Woo_1054,Hobbies and Crafts,Woodworking,44,4,/videos/Woo_1054.mp4,success,/features/Woo_1054.npy,True,4
Woo_1055,Hobbies and Crafts,Woodworking,45,5,/videos/Woo_1055.mp4,success,/features/Woo_1055.npy,True,4
Woo_1056,Hobbies and Crafts,Woodworking,46,6,/videos/Woo_1056.mp4,success,/features/Woo_1056.npy,True,4
Woo_1057,Hobbies and Crafts,Woodworking,47,7,/videos/Woo_1057.mp4,success,/features/Woo_1057.npy,True,4
Woo_1058,Hobbies and Crafts,Woodworking,48,8,/videos/Woo_1058.mp4,success,/features/Woo_1058.npy,True,4
Woo_1059,Hobbies and Crafts,Woodworking,49,9,/videos/Woo_1059.mp4,success,/features/Woo_1059.npy,True,4
Woo_1060,Hobbies and Crafts,Woodworking,50,10,/videos/Woo_1060.mp4,success,/features/Woo_1060.npy,True,4
Woo_1061,Hobbies and Crafts,Woodworking,1,1,/videos/Woo_1061.mp4,success,/features/Woo_1061.npy,True,4
Woo_1062,Hobbies and Crafts,Woodworking,2,2,/videos/Woo_1062.mp4,success,/features/Woo_1062.npy,True,4
Woo_1063,Hobbies and Crafts,Woodworking,3,3,/videos/Woo_1063.mp4,success,/features/Woo_1063.npy,True,4
Woo_1064,Hobbies and Crafts,Woodworking,4,4,/videos/Woo_1064.mp4,success,/features/Woo_1064.npy,True,4
Woo_1065,Hobbies and Crafts,Woodworking,5,5,/videos/Woo_1065.mp4,success,/features/Woo_1065.npy,True,4
Woo_1066,Hobbies and Crafts,Woodworking,6,6,/videos/Woo_1066.mp4,success,/features/Woo_1066.npy,True,4
Woo_1067,Hobbies and Crafts,Woodworking,7,7,/videos/Woo_1067.mp4,success,/features/Woo_1067.npy,True,4
Woo_1068,Hobbies and Crafts,Woodworking,8,8,/videos/Woo_1068.mp4,success,/features/Woo_1068.npy,True,4
Woo_1069,Hobbies and Crafts,Woodworking,9,9,/videos/Woo_1069.mp4,success,/features/Woo_1069.npy,True,4
Woo_1070,Hobbies and Crafts,Woodworking,10,10,/videos/Woo_1070.mp4,success,/features/Woo_1070.npy,True,4
Woo_1071,Hobbies and Crafts,Woodworking,11,1,/videos/Woo_1071.mp4,success,/features/Woo_1071.npy,True,4
Woo_1072,Hobbies and Crafts,Woodworking,12,2,/videos/Woo_1072.mp4,success,/features/Woo_1072.npy,True,4
Woo_1073,Hobbies and Crafts,Woodworking,13,3,/videos/Woo_1073.mp4,success,/features/Woo_1073.npy,True,4
Woo_1074,Hobbies and Crafts,Woodworking,14,4,/videos/Woo_1074.mp4,success,/features/Woo_1074.npy,True,4
Woo_1075,Hobbies and Crafts,Woodworking,15,5,/videos/Woo_1075.mp4,success,/features/Woo_1075.npy,True,4
Woo_1076,Hobbies and Crafts,Woodworking,16,6,/videos/Woo_1076.mp4,success,/features/Woo_1076.npy,True,4
Woo_1077,Hobbies and Crafts,Woodworking,17,7,/videos/Woo_1077.mp4,success,/features/Woo_1077.npy,True,4
Woo_1078,Hobbies and Crafts,Woodworking,18,8,/videos/Woo_1078.mp4,success,/features/Woo_1078.npy,True,4
Woo_1079,Hobbies and Crafts,Woodworking,19,9,/videos/Woo_1079.mp4,success,/features/Woo_1079.npy,True,4
Woo_1080,Hobbies and Crafts,Woodworking,20,10,/videos/Woo_1080.mp4,success,/features/Woo_1080.npy,True,4
Woo_1081,Hobbies and Crafts,Woodworking,21,1,/videos/Woo_1081.mp4,success,/features/Woo_1081.npy,True,4
Woo_1082,Hobbies and Crafts,Woodworking,22,2,/videos/Woo_1082.mp4,success,/features/Woo_1082.npy,True,4
Woo_1083,Hobbies and Crafts,Woodworking,23,3,/videos/Woo_1083.mp4,success,/features/Woo_1083.npy,True,4
Woo_1084,Hobbies and Crafts,Woodworking,24,4,/videos/Woo_1084.mp4,success,/features/Woo_1084.npy,True,4
Woo_1085,Hobbies and Crafts,Woodworking,25,5,/videos/Woo_1085.mp4,success,/features/Woo_1085.npy,True,4
Woo_1086,Hobbies and Crafts,Woodworking,26,6,/videos/Woo_1086.mp4,success,/features/Woo_1086.npy,True,4
Woo_1087,Hobbies and Crafts,Woodworking,27,7,/videos/Woo_1087.mp4,success,/features/Woo_1087.npy,True,4
Woo_1088,Hobbies and Crafts,Woodworking,28,8,/videos/Woo_1088.mp4,success,/features/Woo_1088.npy,True,4
Woo_1089,Hobbies and Crafts,Woodworking,29,9,/videos/Woo_1089.mp4,success,/features/Woo_1089.npy,True,4
Woo_1090,Hobbies and Crafts,Woodworking,30,10,/videos/Woo_1090.mp4,success,/features/Woo_1090.npy,True,4
Woo_1091,Hobbies and Crafts,Woodworking,31,1,/videos/Woo_1091.mp4,success,/features/Woo_1091.npy,True,4
Woo_1092,Hobbies and Crafts,Woodworking,32,2,/videos/Woo_1092.mp4,success,/features/Woo_1092.npy,True,4
Woo_1093,Hobbies and Crafts,Woodworking,33,3,/videos/Woo_1093.mp4,success,/features/Woo_1093.npy,True,4
Woo_1094,Hobbies and Crafts,Woodworking,34,4,/videos/Woo_1094.mp4,success,/features/Woo_1094.npy,True,4
Woo_1095,Hobbies and Crafts,Woodworking,35,5,/videos/Woo_1095.mp4,success,/features/Woo_1095.npy,True,4
Woo_1096,Hobbies and Crafts,Woodworking,36,6,/videos/Woo_1096.mp4,success,/features/Woo_1096.npy,True,4
Woo_1097,Hobbies and Crafts,Woodworking,37,7,/videos/Woo_1097.mp4,success,/features/Woo_1097.npy,True,4
Woo_1098,Hobbies and Crafts,Woodworking,38,8,/videos/Woo_1098.mp4,success,/features/Woo_1098.npy,True,4
Woo_1099,Hobbies and Crafts,Woodworking,39,9,/videos/Woo_1099.mp4,success,/features/Woo_1099.npy,True,4
Woo_1100,Hobbies and Crafts,Woodworking,40,10,/videos/Woo_1100.mp4,success,/features/Woo_1100.npy,True,4
Woo_1101,Hobbies and Crafts,Woodworking,41,1,/videos/Woo_1101.mp4,success,/features/Woo_1101.npy,True,4
Woo_1102,Hobbies and Crafts,Woodworking,42,2,/videos/Woo_1102.mp4,success,/features/Woo_1102.npy,True,4
Woo_1103,Hobbies and Crafts,Woodworking,43,3,/videos/Woo_1103.mp4,success,/features/Woo_1103.npy,True,4
Woo_1104,Hobbies and Crafts,Woodworking,44,4,/videos/Woo_1104.mp4,success,/features/Woo_1104.npy,True,4
Woo_1105,Hobbies and Crafts,Woodworking,45,5,/videos/Woo_1105.mp4,success,/features/Woo_1105.npy,True,4
Woo_1106,Hobbies and Crafts,Woodworking,46,6,/videos/Woo_1106.mp4,success,/features/Woo_1106.npy,True,4
Woo_1107,Hobbies and Crafts,Woodworking,47,7,/videos/Woo_1107.mp4,success,/features/Woo_1107.npy,True,4
Woo_1108,Hobbies and Crafts,Woodworking,48,8,/videos/Woo_1108.mp4,success,/features/Woo_1108.npy,True,4
Woo_1109,Hobbies and Crafts,Woodworking,49,9,/videos/Woo_1109.mp4,success,/features/Woo_1109.npy,True,4
Woo_1110,Hobbies and Crafts,Woodworking,50,10,/videos/Woo_1110.mp4,success,/features/Woo_1110.npy,True,4
Woo_1111,Hobbies and Crafts,Woodworking,1,1,/videos/Woo_1111.mp4,success,/features/Woo_1111.npy,True,4
Woo_1112,Hobbies and Crafts,Woodworking,2,2,/videos/Woo_1112.mp4,success,/features/Woo_1112.npy,True,4
Woo_1113,Hobbies and Crafts,Woodworking,3,3,/videos/Woo_1113.mp4,success,/features/Woo_1113.npy,True,4
Woo_1114,Hobbies and Crafts,Woodworking,4,4,/videos/Woo_1114.mp4,success,/features/Woo_1114.npy,True,4
Woo_1115,Hobbies and Crafts,Woodworking,5,5,/videos/Woo_1115.mp4,success,/features/Woo_1115.npy,True,4
Woo_1116,Hobbies and Crafts,Woodworking,6,6,/videos/Woo_1116.mp4,success,/features/Woo_1116.npy,True,4
Woo_1117,Hobbies and Crafts,Woodworking,7,7,/videos/Woo_1117.mp4,success,/features/Woo_1117.npy,True,4
Woo_1118,Hobbies and Crafts,Woodworking,8,8,/videos/Woo_1118.mp4,success,/features/Woo_1118.npy,True,4
Woo_1119,Hobbies and Crafts,Woodworking,9,9,/videos/Woo_1119.mp4,success,/features/Woo_1119.npy,True,4
Woo_1120,Hobbies and Crafts,Woodworking,10,10,/videos/Woo_1120.mp4,success,/features/Woo_1120.npy,True,4
Woo_1121,Hobbies and Crafts,Woodworking,11,1,/videos/Woo_1121.mp4,success,/features/Woo_1121.npy,True,4
Woo_1122,Hobbies and Crafts,Woodworking,12,2,/videos/Woo_1122.mp4,success,/features/Woo_1122.npy,True,4
Woo_1123,Hobbies and Crafts,Woodworking,13,3,/videos/Woo_1123.mp4,success,/features/Woo_1123.npy,True,4
Woo_1124,Hobbies and Crafts,Woodworking,14,4,/videos/Woo_1124.mp4,success,/features/Woo_1124.npy,True,4
Woo_1125,Hobbies and Crafts,Woodworking,15,5,/videos/Woo_1125.mp4,success,/features/Woo_1125.npy,True,4
Woo_1126,Hobbies and Crafts,Woodworking,16,6,/videos/Woo_1126.mp4,success,/features/Woo_1126.npy,True,4
Woo_1127,Hobbies and Crafts,Woodworking,17,7,/videos/Woo_1127.mp4,success,/features/Woo_1127.npy,True,4
Woo_1128,Hobbies and Crafts,Woodworking,18,8,/videos/Woo_1128.mp4,success,/features/Woo_1128.npy,True,4
Woo_1129,Hobbies and Crafts,Woodworking,19,9,/videos/Woo_1129.mp4,success,/features/Woo_1129.npy,True,4
Woo_1130,Hobbies and Crafts,Woodworking,20,10,/videos/Woo_1130.mp4,success,/features/Woo_1130.npy,True,4
Woo_1131,Hobbies and Crafts,Woodworking,21,1,/videos/Woo_1131.mp4,success,/features/Woo_1131.npy,True,4
Woo_1132,Hobbies and Crafts,Woodworking,22,2,/videos/Woo_1132.mp4,success,/features/Woo_1132.npy,True,4
Woo_1133,Hobbies and Crafts,Woodworking,23,3,/videos/Woo_1133.mp4,success,/features/Woo_1133.npy,True,4
Woo_1134,Hobbies and Crafts,Woodworking,24,4,/videos/Woo_1134.mp4,success,/features/Woo_1134.npy,True,4
Woo_1135,Hobbies and Crafts,Woodworking,25,5,/videos/Woo_1135.mp4,success,/features/Woo_1135.npy,True,4
Woo_1136,Hobbies and Crafts,Woodworking,26,6,/videos/Woo_1136.mp4,success,/features/Woo_1136.npy,True,4
Woo_1137,Hobbies and Crafts,Woodworking,27,7,/videos/Woo_1137.mp4,success,/features/Woo_1137.npy,True,4
Woo_1138,Hobbies and Crafts,Woodworking,28,8,/videos/Woo_1138.mp4,success,/features/Woo_1138.npy,True,4
Woo_1139,Hobbies and Crafts,Woodworking,29,9,/videos/Woo_1139.mp4,success,/features/Woo_1139.npy,True,4
Woo_1140,Hobbies and Crafts,Woodworking,30,10,/videos/Woo_1140.mp4,success,/features/Woo_1140.npy,True,4
Woo_1141,Hobbies and Crafts,Woodworking,31,1,/videos/Woo_1141.mp4,success,/features/Woo_1141.npy,True,4
Woo_1142,Hobbies and Crafts,Woodworking,32,2,/videos/Woo_1142.mp4,success,/features/Woo_1142.npy,True,4
Woo_1143,Hobbies and Crafts,Woodworking,33,3,/videos/Woo_1143.mp4,success,/features/Woo_1143.npy,True,4
Woo_1144,Hobbies and Crafts,Woodworking,34,4,/videos/Woo_1144.mp4,success,/features/Woo_1144.npy,True,4
Woo_1145,Hobbies and Crafts,Woodworking,35,5,/videos/Woo_1145.mp4,success,/features/Woo_1145.npy,True,4
Woo_1146,Hobbies and Crafts,Woodworking,36,6,/videos/Woo_1146.mp4,success,/features/Woo_1146.npy,True,4
Woo_1147,Hobbies and Crafts,Woodworking,37,7,/videos/Woo_1147.mp4,success,/features/Woo_1147.npy,True,4
Woo_1148,Hobbies and Crafts,Woodworking,38,8,/videos/Woo_1148.mp4,success,/features/Woo_1148.npy,True,4
Woo_1149,Hobbies and Crafts,Woodworking,39,9,/videos/Woo_1149.mp4,success,/features/Woo_1149.npy,True,4
Woo_1150,Hobbies and Crafts,Woodworking,40,10,/videos/Woo_1150.mp4,success,/features/Woo_1150.npy,True,4
Woo_1151,Hobbies and Crafts,Woodworking,41,1,/videos/Woo_1151.mp4,success,/features/Woo_1151.npy,True,4
Woo_1152,Hobbies and Crafts,Woodworking,42,2,/videos/Woo_1152.mp4,success,/features/Woo_1152.npy,True,4
Woo_1153,Hobbies and Crafts,Woodworking,43,3,/videos/Woo_1153.mp4,success,/features/Woo_1153.npy,True,4
Woo_1154,Hobbies and Crafts,Woodworking,44,4,/videos/Woo_1154.mp4,success,/features/Woo_1154.npy,True,4
Woo_1155,Hobbies and Crafts,Woodworking,45,5,/videos/Woo_1155.mp4,success,/features/Woo_1155.npy,True,4
Woo_1156,Hobbies and Crafts,Woodworking,46,6,/videos/Woo_1156.mp4,success,/features/Woo_1156.npy,True,4
Woo_1157,Hobbies and Crafts,Woodworking,47,7,/videos/Woo_1157.mp4,success,/features/Woo_1157.npy,True,4
Woo_1158,Hobbies and Crafts,Woodworking,48,8,/videos/Woo_1158.mp4,success,/features/Woo_1158.npy,True,4
Woo_1159,Hobbies and Crafts,Woodworking,49,9,/videos/Woo_1159.mp4,success,/features/Woo_1159.npy,True,4
Woo_1160,Hobbies and Crafts,Woodworking,50,10,/videos/Woo_1160.mp4,success,/features/Woo_1160.npy,True,4
Woo_1161,Hobbies and Crafts,Woodworking,1,1,/videos/Woo_1161.mp4,success,/features/Woo_1161.npy,True,4
Woo_1162,Hobbies and Crafts,Woodworking,2,2,/videos/Woo_1162.mp4,success,/features/Woo_1162.npy,True,4
Woo_1163,Hobbies and Crafts,Woodworking,3,3,/videos/Woo_1163.mp4,success,/features/Woo_1163.npy,True,4
Woo_1164,Hobbies and Crafts,Woodworking,4,4,/videos/Woo_1164.mp4,success,/features/Woo_1164.npy,True,4
Woo_1165,Hobbies and Crafts,Woodworking,5,5,/videos/Woo_1165.mp4,success,/features/Woo_1165.npy,True,4
Woo_1166,Hobbies and Crafts,Woodworking,6,6,/videos/Woo_1166.mp4,success,/features/Woo_1166.npy,True,4
Woo_1167,Hobbies and Crafts,Woodworking,7,7,/videos/Woo_1167.mp4,success,/features/Woo_1167.npy,True,4
Woo_1168,Hobbies and Crafts,Woodworking,8,8,/videos/Woo_1168.mp4,success,/features/Woo_1168.npy,True,4
Woo_1169,Hobbies and Crafts,Woodworking,9,9,/videos/Woo_1169.mp4,success,/features/Woo_1169.npy,True,4
Woo_1170,Hobbies and Crafts,Woodworking,10,10,/videos/Woo_1170.mp4,success,/features/Woo_1170.npy,True,4
Woo_1171,Hobbies and Crafts,Woodworking,11,1,/videos/Woo_1171.mp4,success,/features/Woo_1171.npy,True,4
Woo_1172,Hobbies and Crafts,Woodworking,12,2,/videos/Woo_1172.mp4,success,/features/Woo_1172.npy,True,4
Woo_1173,Hobbies and Crafts,Woodworking,13,3,/videos/Woo_1173.mp4,success,/features/Woo_1173.npy,True,4
Woo_1174,Hobbies and Crafts,Woodworking,14,4,/videos/Woo_1174.mp4,success,/features/Woo_1174.npy,True,4
Woo_1175,Hobbies and Crafts,Woodworking,15,5,/videos/Woo_1175.mp4,success,/features/Woo_1175.npy,True,4
Woo_1176,Hobbies and Crafts,Woodworking,16,6,/videos/Woo_1176.mp4,success,/features/Woo_1176.npy,True,4
Woo_1177,Hobbies and Crafts,Woodworking,17,7,/videos/Woo_1177.mp4,success,/features/Woo_1177.npy,True,4
Woo_1178,Hobbies and Crafts,Woodworking,18,8,/videos/Woo_1178.mp4,success,/features/Woo_1178.npy,True,4
Woo_1179,Hobbies and Crafts,Woodworking,19,9,/videos/Woo_1179.mp4,success,/features/Woo_1179.npy,True,4
Woo_1180,Hobbies and Crafts,Woodworking,20,10,/videos/Woo_1180.mp4,success,/features/Woo_1180.npy,True,4
Woo_1181,Hobbies and Crafts,Woodworking,21,1,/videos/Woo_1181.mp4,success,/features/Woo_1181.npy,True,4
Woo_1182,Hobbies and Crafts,Woodworking,22,2,/videos/Woo_1182.mp4,success,/features/Woo_1182.npy,True,4
Woo_1183,Hobbies and Crafts,Woodworking,23,3,/videos/Woo_1183.mp4,success,/features/Woo_1183.npy,True,4
Woo_1184,Hobbies and Crafts,Woodworking,24,4,/videos/Woo_1184.mp4,success,/features/Woo_1184.npy,True,4
Woo_1185,Hobbies and Crafts,Woodworking,25,5,/videos/Woo_1185.mp4,success,/features/Woo_1185.npy,True,4
Woo_1186,Hobbies and Crafts,Woodworking,26,6,/videos/Woo_1186.mp4,success,/features/Woo_1186.npy,True,4
Woo_1187,Hobbies and Crafts,Woodworking,27,7,/videos/Woo_1187.mp4,success,/features/Woo_1187.npy,True,4
Woo_1188,Hobbies and Crafts,Woodworking,28,8,/videos/Woo_1188.mp4,success,/features/Woo_1188.npy,True,4
Woo_1189,Hobbies and Crafts,Woodworking,29,9,/videos/Woo_1189.mp4,success,/features/Woo_1189.npy,True,4
Woo_1190,Hobbies and Crafts,Woodworking,30,10,/videos/Woo_1190.mp4,success,/features/Woo_1190.npy,True,4
Woo_1191,Hobbies and Crafts,Woodworking,31,1,/videos/Woo_1191.mp4,success,/features/Woo_1191.npy,True,4
Woo_1192,Hobbies and Crafts,Woodworking,32,2,/videos/Woo_1192.mp4,success,/features/Woo_1192.npy,True,4
Woo_1193,Hobbies and Crafts,Woodworking,33,3,/videos/Woo_1193.mp4,success,/features/Woo_1193.npy,True,4
Woo_1194,Hobbies and Crafts,Woodworking,34,4,/videos/Woo_1194.mp4,success,/features/Woo_1194.npy,True,4
Woo_1195,Hobbies and Crafts,Woodworking,35,5,/videos/Woo_1195.mp4,success,/features/Woo_1195.npy,True,4
Woo_1196,Hobbies and Crafts,Woodworking,36,6,/videos/Woo_1196.mp4,success,/features/Woo_1196.npy,True,4
Woo_1197,Hobbies and Crafts,Woodworking,37,7,/videos/Woo_1197.mp4,success,/features/Woo_1197.npy,True,4
Woo_1198,Hobbies and Crafts,Woodworking,38,8,/videos/Woo_1198.mp4,success,/features/Woo_1198.npy,True,4
Woo_1199,Hobbies and Crafts,Woodworking,39,9,/videos/Woo_1199.mp4,success,/features/Woo_1199.npy,True,4
Woo_1200,Hobbies and Crafts,Woodworking,40,10,/videos/Woo_1200.mp4,success,/features/Woo_1200.npy,True,4
